101582040,玩具手作,没抢到,0,该用户因未能成功购买心仪商品而感到遗憾和失落。
101582040,玩具手作,就一个?,0,"该用户可能因上一条弹幕提到""没抢到""而质疑商品库存不足，表达对限量供应或抢购机制的不满情绪。"
101582040,玩具手作,只管叩1[嘻嘻R],0,该用户是在用轻松调侃的语气表示自己愿意参与抢购活动，暗示对商品有兴趣但可能因库存紧张而担心抢不到。
101582040,玩具手作,你笔记呢!,0,该用户是在询问主播之前提到的商品购买攻略或注意事项在哪里查看。
101582040,玩具手作,扣1就是只有一个?,0,该用户是在确认主播提到的商品限量是否真的仅剩一件。
101582040,玩具手作,抠1是暗号,0,该用户想表达的含义是：在直播间里发送数字1代表确认购买意向。
101582040,玩具手作,抢到要交作业,0,该用户想表达的是：成功抢到商品后会在社交平台分享购买心得。  （结合前文“交作业”常指完成分享任务，“笔记”等词暗示晒单文化，整体语境是抢购成功后需按惯例发帖反馈。）
101582040,玩具手作,哈哈哈哈哈那样不得疯狂叩10000,0,该用户是在调侃性地表达“如果真按这种方式抢购，大家肯定都会拼命刷屏扣1”。
101582040,玩具手作,晚上憋不住喝岩茶了,0,该用户想表达的含义是：晚上忍不住想下单购买岩茶了。
101582040,玩具手作,蓝竹有卡单吗,1,该用户是在询问蓝色款式的竹制产品是否支持分期付款或优惠卡支付。
101582040,玩具手作,里面的外面的也要凑齐,0,该用户想表达的是希望将直播中提到的内外搭配产品都购买齐全。
101582040,玩具手作,灯箱还有吗,1,该用户是在询问直播中提到的灯箱商品是否还有库存可供购买。
101582040,玩具手作,蓝竹怎么买不了,1,该用户因抢购失败而感到困惑，怀疑商品“蓝竹”是否存在库存或购买流程问题。
101582040,玩具手作,他们在家享福我打工养他们,0,该用户可能在抱怨自己辛苦工作赚钱购买商品，而家人却轻松享受自己劳动成果的不平衡心理。
101582040,玩具手作,手绘的吗,1,该用户可能是对直播中展示的商品是否为手工制作感到好奇，想确认产品的工艺性质以判断其价值。
101582040,玩具手作,刚刚一直没黑,0,该用户想表达的含义是：之前一直没抢到黑色的商品。
101582040,玩具手作,"哪个老粉可以给我普及一下,男人怎么这么火",0,该用户想表达的含义是：询问资深粉丝为什么这款男性产品如此受欢迎，想了解其火爆原因。
101582040,玩具手作,但是一直没黑,0,该用户可能在抱怨直播间的灯光或画面之前一直处于明亮状态，没有切换到黑色或其他暗色调的背景。
101582040,玩具手作,"哇去,秒没啊都",0,该用户想表达的含义是：商品抢购速度太快，自己还没来得及下手就被抢光了。
101582040,玩具手作,熊猫和钟伯盖碗推荐哪个,1,该用户想表达的含义是：在直播间展示的两款产品（熊猫盖碗和钟伯盖碗）中，希望主播或其他人能给出购买建议或比较推荐哪一款。
101582040,玩具手作,钟伯伯啊,0,该用户是在询问或提及直播中展示的“钟伯伯”相关产品，可能是对其感兴趣或想与其他商品（如熊猫盖碗）进行比较。
101582040,玩具手作,要买就买顶流,0,该用户想表达的含义是：要购买就选择最热门、最受欢迎的产品款式。
101582040,玩具手作,喜欢哪个买哪个,0,该用户可能在调侃直播间的抢购氛围，暗示大家不必纠结直接按喜好下单就好。
101582040,玩具手作,肯定钟伯伯啊,0,该用户是在强烈推荐选择“钟伯伯”这款产品，表达对其的偏爱和支持。
101582040,玩具手作,第一次买二选一,1,该用户可能在询问首次购买时如何在两款热门商品（如熊猫和钟伯盖碗）之间做出选择，希望得到购买建议。
101582040,玩具手作,钟伯伯可以搞钱,0,该用户想表达的含义是：希望主播钟伯伯能推出优惠活动或折扣，以便自己能够购买。
101582040,玩具手作,男人更新,0,该用户可能在询问当前热门的男性相关商品为何频繁上新或为何如此受欢迎。
101582040,玩具手作,"那这次买钟伯伯,下次买熊猫",0,该用户表达的是打算这次先购买钟伯伯产品，下次再考虑购买熊猫产品，显示出对两款商品都有兴趣但分批次购买的消费计划。
101582040,玩具手作,"选不出,都买!",1,该用户因难以在多个心仪商品中做出选择，决定全部购买以满足自己的购物欲望。
101582040,玩具手作,钟伯伯招财啊,0,"该用户是在表达对""钟伯伯""这款产品的喜爱和认可，认为它具有招财的吉祥寓意，值得购买。"
101582040,玩具手作,能抢到啥买啥,1,该用户想表达的含义是：不管商品种类如何，只要有货就愿意下单购买。
101582040,玩具手作,我有三个钟伯伯,0,该用户想表达的含义是：我打算购买三个钟伯伯这款产品。
101582040,玩具手作,钟伯伯,0,"该用户是在表达对""钟伯伯""这款产品的强烈推荐和喜爱，认为它是值得购买的优选商品。"
101582040,玩具手作,她肯定买到了两个,0,"该用户是在调侃或感叹某个抢购热门商品（很可能是""钟伯伯""）的人成功入手了双份，暗示该商品很抢手或对方手速快。"
101582040,玩具手作,你那么多男人,0,该用户可能是在调侃主播推荐或展示的“钟伯伯”相关商品数量过多，暗示主播过于偏爱或频繁提及这一商品。
101582040,玩具手作,"刚刚一听到有漏,赶紧抢到了钟伯伯盖碗",0,该用户想表达的含义是：听到有库存放出时，自己迅速抢购到了钟伯伯盖碗这款热门商品。
101582040,玩具手作,钟伯伯配烟花茶席,0,该用户想表达的含义是：建议将钟伯伯盖碗与烟花茶席搭配使用。
101582040,玩具手作,后宫12男团,0,该用户是在调侃直播间频繁推荐的“钟伯伯”等男性角色产品，用“后宫12男团”来戏谑商品种类繁多像在选妃。
101582040,玩具手作,那要买六个钟伯伯,0,"该用户想表达自己决定购买六个""钟伯伯""产品，可能是出于对其受欢迎程度或招财寓意的认可。"
101582040,玩具手作,大米粥你今天盖碗杯子齐了吧,0,该用户是在询问主播今天是否已经集齐了钟伯伯和熊猫两款盖碗的库存。
101582040,玩具手作,没有钟伯伯不算二宝妈的人哈,0,该用户想表达的含义是：如果不购买钟伯伯的产品，就不能算是真正的二宝妈粉丝。
101582040,玩具手作,还好我有了,0,该用户想表达的含义是：幸亏我已经入手了（钟伯伯产品），不用再参与抢购了。
101582040,玩具手作,"是的,副班长,我今天买齐了",0,该用户想表达的含义是：自己已经按照直播推荐买全了钟伯伯系列的产品。
101582040,玩具手作,大米粥我可以蹲你笔记了,0,该用户想表达的含义是：我打算关注主播后续发布的购物攻略或产品使用心得。  （结合前文语境，直播讨论集中在抢购“钟伯伯”等商品，目标弹幕中的“蹲笔记”是常见网络用语，指等待博主分享详细内容，暗示用户对当前商品或未来推荐有持续兴趣。）
101582040,玩具手作,我今天算是二宝妈家的人了,0,该用户想表达的含义是：通过购买特定商品（如“钟伯伯”系列），自己已经成为了该品牌或主播粉丝群体（“二宝妈家”）的正式成员。
101582040,玩具手作,二宝妈嗓子好多了,0,该用户想表达的含义是：作为拥有两个孩子的妈妈，自己已经成功抢购到心仪的商品（很可能是“钟伯伯”系列产品），现在心情愉悦满足。
101582040,玩具手作,感觉已经恢复了,0,该用户想表达的含义是：主播的嗓音状态好转了，听起来比之前舒服。
101582040,玩具手作,这个笑声味道对了,0,该用户想表达的含义是：主播的状态和氛围让人感到熟悉且愉悦，符合他们对直播内容的期待。
101582040,玩具手作,拔牙就喝稀的吧,0,该用户可能在调侃自己因拔牙只能吃流食，暗示暂时无法参与抢购直播间的商品（如钟伯伯系列产品）。
101582040,玩具手作,谁去拔牙了,0,该用户可能是在调侃或关心其他观众中刚拔完牙的人适合购买直播间里较软或流质的商品。
101582040,玩具手作,二宝妈你那块木板好像关公的大刀,0,该用户可能在调侃主播展示的木板形状独特，将其幽默地比作关公的大刀，以此表达对商品外观的兴趣或制造轻松氛围。
101582040,玩具手作,今天冰箱贴上了吗?,1,该用户可能在询问直播间是否已经上架了“冰箱贴”这款商品，表现出对产品的关注和购买意向。
101582040,玩具手作,"带个酒壶,带个直口杯也行啊",0,"该用户希望主播能推荐或上架酒壶或直口杯这类配套茶具。  （结合前文弹幕中频繁出现的茶具相关讨论如""钟伯伯盖碗""""杯子齐了""等，可推断当前直播主题与茶具销售相关，用户以半调侃半催促的口吻提出补充品类的需求，延续了弹幕区对茶具配套的消费兴趣。）"
101582040,玩具手作,"你们去小埕戏没带茶具,亏大了,那个景",0,用户是在调侃之前去小埕戏游玩的人没带茶具，错失了在美景中品茶的好机会。
101582040,玩具手作,抢到一个男人,0,该用户想表达的含义是：成功抢购到了直播间推荐的“钟伯伯”系列男性主题商品。  （解析：结合前文高频出现的“钟伯伯”“男团”“盖碗”等关键词，可推断直播间正在推销以“钟伯伯”命名的男性相关茶具或周边商品，用户用“抢到一个男人”幽默指代抢购成功，符合直播间调侃“男团”的互动氛围。）
101582040,玩具手作,喜乐顺遂再看看呗,0,该用户可能是在表达一种既对当前商品（如钟伯伯盖碗等）感兴趣又暂时持观望态度，想再多看看其他选择或等更多展示后再决定是否购买的心理。
101582040,玩具手作,我掐指一算有东西要上,0,该用户可能是在调侃或暗示接下来会有新品或福利上架，表现出期待和关注的兴趣。
101582040,玩具手作,拍不到了,0,该用户想表达的含义是：商品已经售罄或抢购失败，无法成功下单。
101582040,玩具手作,今天是有求必应二宝妈,0,该用户想表达的含义是：自己已经购买了直播间推荐的全套产品，成为了品牌的忠实粉丝。
101582040,玩具手作,我抢到的,0,该用户想表达的含义是：自己成功抢购到了直播间推出的某款商品。
101582040,玩具手作,吧啦吧啦还有没有钟伯伯盖碗,0,该用户是在询问直播间是否还有“钟伯伯盖碗”这款商品库存，表达出明确的购买意向和急切心情。
101582040,玩具手作,哭吧哈哈哈,0,该用户可能是用调侃的语气表达对主播或直播内容的喜爱和轻松愉快的互动情绪。
101582040,玩具手作,我也听的是哭出来,0,该用户想表达的含义是：我被直播内容感动到想哭。
101582040,玩具手作,辣辣辣辣l,0,该用户可能在兴奋地催促主播展示或上架某款带有“辣”元素的产品（如辣味食品或相关商品）。
101582040,玩具手作,我发了,0,该用户想表达的含义是：我已经成功抢购到商品了。
101582040,玩具手作,哇咔咔咔咔咔,0,该用户想表达的含义是：被直播间的欢乐氛围感染而发出兴奋的笑声。
101582040,玩具手作,收到了喜乐,0,该用户想表达的含义是：已经成功抢购到商品并感到满意。  （结合前文弹幕中“抢到一个男人”“我抢到的”等类似抢购成功的表达，以及“喜乐顺遂再看看呗”中“喜乐”作为商品名的潜在关联，推测用户是在确认收货或参与活动后反馈喜悦。）
101582040,玩具手作,回来的刚刚好,0,该用户想表达的含义是：刚好赶上直播间的商品上新或活动开始。
101582040,玩具手作,搞起来,0,该用户可能在催促主播加快节奏或上新商品，表现出对直播内容的兴奋和参与感。
101582040,玩具手作,这个可以卖啦,0,该用户想表达的含义是：这款产品可以开始售卖了吧。
101582040,玩具手作,我也发了,0,该用户想表达的含义是：自己已经参与了直播间的互动或抢购活动。
101582040,玩具手作,这个太好了,1,该用户被直播间的商品或互动内容所吸引，表现出强烈的认可和购买意愿。
101582040,玩具手作,我也交作业了,0,该用户想表达的含义是：我已经成功下单购买了商品。
101582040,玩具手作,"退这个,叉出去",0,该用户想表达的含义是：要求主播把当前展示的商品撤下并换掉。
101582040,玩具手作,链接又出问题了?售罄不显示灰色啊,0,该用户是在抱怨商品购买链接显示异常，明明已售罄却未正常变灰提示，导致其无法顺利抢购。
101582040,玩具手作,我以为是我网络问题,0,该用户可能因直播间的商品链接或画面加载异常，误以为是自己的网络故障导致无法正常参与购买。
101582040,玩具手作,特别好,1,该用户可能是在对主播推荐的商品或直播内容表示高度认可和赞赏，暗示有较强的购买意愿或满意情绪。
101582040,玩具手作,很好看,1,该用户想表达的含义是：对当前展示的商品款式或效果表示欣赏和喜爱。
101582040,玩具手作,这是?,1,该用户可能在询问当前展示的商品是什么，表现出对产品的兴趣或疑惑。
101582040,玩具手作,911vs899都是售罄,0,该用户想表达的含义是：对比两款商品的价格却发现都已经卖完了，感到遗憾或疑惑。
101582040,玩具手作,拍到这个不退不换,0,该用户想表达的含义是：确定要购买这个商品并且接受不退换的条款。
101582040,玩具手作,"要退的,叉出去",0,该用户是在表达对直播间中频繁出现的退货言论的不满，认为这类负面内容应该被清理出去以维持良好的直播氛围。
101582040,玩具手作,这个不退不换,0,该用户可能是在确认或提醒直播间的观众，当前所讨论的商品一旦购买后不支持退换货。
101582040,玩具手作,我也喜欢圆的,0,该用户可能是在附和之前关于商品形状的讨论，表达自己对圆形设计的偏好或认同。
101582040,玩具手作,OK了,0,该用户想表达的含义是：已经完成购买或参与活动了。
101582040,玩具手作,comeon,0,该用户可能是在催促主播加快节奏或表达积极参与的兴奋情绪。
101582040,玩具手作,做杯垫壶承很合适,0,该用户认为直播展示的商品很适合用来制作杯垫或壶承，表达了对产品实用性的认可和潜在的购买兴趣。
101582040,玩具手作,只有方的没有圆的,0,该用户想表达的含义是：对商品只有方形款式而没有圆形款式感到不满或遗憾。
101582040,玩具手作,"要退的,叉出去",0,该用户是在强调直播间里某些商品不支持退货，呼吁将要求退货的人踢出直播间。
101582040,玩具手作,死去的记忆又恢复了副班长在都不敢抢上次她抢了一堆滚,0,该用户是在抱怨之前某个叫“副班长”的人抢购太多商品导致自己没买到，现在看到同类商品又勾起了不满情绪。
101582040,玩具手作,班长再说一遍,0,该用户希望主播重复之前提到的商品信息或购买规则，可能是没听清或想确认细节。
101582040,玩具手作,"我抢了一堆滚,送朋友了,自己只留了一个",0,该用户想表达的含义是：自己抢购了多个商品，大部分送给朋友，只给自己留了一件。
101582040,玩具手作,冰箱贴差不多都送完了,0,该用户可能在暗示自己因赠品送完而感到遗憾，或提醒其他人冰箱贴福利已结束。
101582040,玩具手作,谁退谁,0,该用户是在询问“哪些人会选择退货”，表达了对商品退货情况的关注和好奇。
101582040,玩具手作,大吉也送了,0,该用户想表达的含义是：自己之前抢购的商品也全都送给别人了。
101582040,玩具手作,"你们抢吧,我今天做个人,我有礼物了",0,该用户想表达的含义是：这次我就不参与抢购了，因为之前已经收到过赠品，这次让给其他人吧。
101582040,玩具手作,让老师多画吧,0,"该用户希望主播（被称作""老师""）继续展示或创作更多绘画作品，可能是对当前展示的画作风格或内容产生了兴趣。"
101582040,玩具手作,我感觉他做这个很开心,0,该用户可能是在表达对主播投入状态的认可，暗示自己因主播的热情表现而对产品产生好感。
101582040,玩具手作,感觉链接有问题,0,该用户可能是在购买过程中遇到了商品链接无法正常打开或跳转的技术问题，因此提出疑问希望得到解决。
101582040,玩具手作,妈呀我都替你紧张,0,该用户可能是在调侃主播展示商品或互动时的紧张状态，表达一种感同身受的趣味性围观心理。
101582040,玩具手作,哪天直播上倩倩老师的小雏菊,1,该用户希望直播间能安排一场由倩倩老师主推小雏菊主题产品的专场直播。
101582040,玩具手作,一直显示都有,0,该用户可能是在确认商品库存充足，暗示自己有意购买但不用急于抢购。
101582040,玩具手作,数学老师说那个盖碗给我留一只,1,该用户想表达的是希望主播能为自己预留一件盖碗商品，暗示了明确的购买意向。
101582040,玩具手作,都拍不了,0,该用户想表达的是：商品链接无法正常下单或抢购失败。
101582040,玩具手作,链接好奇怪,0,该用户可能是在吐槽商品购买链接的界面设计或功能异常，导致操作不便或难以理解。
101582040,玩具手作,链接有点不对劲,0,该用户可能发现商品链接存在异常，无法正常购买或操作，因此提醒主播或其他人注意链接的技术问题。
101582040,玩具手作,先看看链接,1,该用户可能是对商品感兴趣但发现链接异常，想先确认购买渠道是否正常再决定是否下单。
101582040,玩具手作,链接全是亮的,0,该用户想表达的含义是：所有商品链接都显示有库存可以购买。
101582040,玩具手作,有问题,0,该用户可能是在反馈当前商品的购买链接存在异常，无法正常下单或操作。
101582040,玩具手作,后台有问题显示都没拍的其实都拍了,0,该用户想表达的含义是：直播间的后台系统存在故障，显示商品未被拍下但实际上已被抢购。
101582040,玩具手作,出問題了,0,该用户想表达的含义是：直播间的商品链接或购买系统出现了故障。
101582040,玩具手作,拍不到,0,该用户想表达的含义是：商品链接异常导致无法成功下单购买。
101582040,玩具手作,其它直播間也是這樣,0,该用户可能是在质疑当前直播间的链接问题在其他直播间也同样存在，暗示这是普遍现象而非个例。
101582040,玩具手作,别的直播间里也是这样,0,该用户想表达的含义是：其他直播间的商品链接也存在类似的无法购买的问题。
101582040,玩具手作,應該是系統問題,0,该用户认为当前无法正常购买或参与活动是由于平台系统出现了故障。
101582040,玩具手作,"是的,退出去回来也是亮的",0,该用户想表达的含义是：即使退出直播间重新进入，商品链接依然显示可购买状态（暗示系统可能存在异常）。
101582040,玩具手作,我们是全亮,0,该用户想表达的含义是：商品链接显示全部可购买但实际上无法正常下单。
101582040,玩具手作,怪不得我以为我出问题啦进进出出,0,该用户想表达的含义是：原来不是我个人的问题，系统故障导致反复刷新也无法正常购买。
101582040,玩具手作,他自己还半身不遂.还给别人治偏瘫,0,该用户是在讽刺直播间技术故障频出（如链接异常）却还在继续卖货，就像自身能力不足的人还试图帮别人解决问题。
101582040,玩具手作,送个摸鱼给它,0,"该用户可能在调侃直播间系统故障频发，建议给系统也""放个假""让它休息调整。"
101582040,玩具手作,前面以为自己手速进步了原来是错觉,0,该用户想表达的含义是：刚才误以为自己抢购速度变快了，结果发现是系统故障导致的假象。
101582040,玩具手作,放出來,0,该用户可能在催促主播或技术人员尽快修复商品链接的显示问题，以便正常参与购买。
101582040,玩具手作,"哈哈,+1",0,该用户想表达的含义是：我也遇到了同样无法下单的问题。
101582040,玩具手作,一个都抢不到,0,该用户想表达的含义是：由于系统故障导致商品无法成功抢购。
101582040,玩具手作,我要放福顺,0,"该用户可能在抱怨直播间系统故障导致无法正常购买商品，希望主播或技术人员尽快修复问题（""放福顺""可能是对""修复""的谐音或输入错误）。"
101582040,玩具手作,太難了,0,该用户想表达的含义是：抢购商品的过程非常困难，可能是由于系统问题导致无法顺利下单。
101582040,玩具手作,你们准备好,0,"该用户可能在质疑直播间的技术故障是否已修复，并询问团队是否做好了应对准备。  （结合前文弹幕中频繁提到的系统问题、链接异常、抢购失败等故障，用户用""你们准备好""隐含着对直播团队技术能力的催促和不满，暗示""如果没处理好就别继续了""。）"
101582040,玩具手作,"一直亮着,捡漏都看不出来",0,该用户是在吐槽系统故障导致商品显示异常（一直显示可购买状态），导致真正想捡漏的买家无法分辨实际库存情况。
101582040,玩具手作,捡到了谢谢苡宝,0,该用户想表达的含义是：成功抢到了商品，感谢主播的福利。  （结合前文弹幕中关于系统故障、抢购困难的讨论，以及“捡漏”等关键词，可推断用户因系统异常意外获得购买机会，用“捡到”表达幸运，并以昵称“苡宝”亲切感谢主播。）
101582040,玩具手作,"不客气,我只是试试链接能不能拍而已",0,该用户想表达自己并非真正有意购买，只是测试商品链接能否正常下单。
101582040,玩具手作,"现在好搞笑,一个接着一个灯灭",0,该用户是在调侃直播间因系统故障导致抢购按钮（灯）接连失效的混乱场面，用幽默方式表达对抢购机制异常的无奈。
101582040,玩具手作,瓦片亮灯但已售罄,0,该用户想表达的含义是：商品显示有货但实际上已经被抢光，让人感到困惑和失望。
101582040,玩具手作,是有人没付款会这样吗,0,该用户可能在询问直播间商品显示异常（如一直亮灯）是否是因为有人未及时付款导致库存未释放。
101582040,玩具手作,好奇怪的小红薯,0,该用户可能是在调侃直播间里出现的某种异常现象或搞笑场景，觉得当前的情况有些荒诞或不合常理。
101582040,玩具手作,是系统问题,0,该用户想表达的含义是：当前直播间出现的异常状况可能是平台系统故障导致的。
101582040,玩具手作,估计少爷惹祸了,0,该用户是在调侃直播间商品抢购异常的情况，暗示可能是系统故障或人为操作失误导致购买界面显示混乱。
101582040,玩具手作,没买到瓦片,0,该用户因商品“瓦片”售罄而感到遗憾，表达了自己未能成功抢购到该商品的失落情绪。
101582040,玩具手作,我也没买到,0,该用户想表达的含义是：和其他观众一样，自己也没能成功抢购到商品。
101582040,玩具手作,买到就不正常了,0,该用户是在自嘲或调侃抢购失败，暗示商品太难抢到以至于能买到才奇怪。
101582040,玩具手作,他终于,0,该用户想表达的含义是：他终于抢到商品了。
101582040,玩具手作,烧了多少呀呀呀呀呀,0,该用户可能在惊讶或调侃直播间商品被抢购的速度之快，暗示“怎么瞬间就卖光了”。
101582040,玩具手作,随风姐,0,"该用户可能在呼唤主播""随风姐""以询问商品库存或购买相关问题。"
101582040,玩具手作,随风威武,0,该用户是在称赞或支持昵称为“随风”的主播或观众，表达对其表现的认可或鼓励。
101582040,玩具手作,里面有字的的外面有小画吗,1,该用户可能是想询问商品包装或设计细节，比如“产品内部有文字说明，外包装是否还配有小型图案装饰？”
101582040,玩具手作,艺术家的慵懒风,0,该用户可能是在评价直播间的整体氛围或主播风格，认为其呈现出一种随性自在的艺术气息。
101582040,玩具手作,原来欧阳是这样的,0,该用户可能是对主播或商品展示的风格突然有了新的认知，表达一种意外或恍然大悟的感受。
101582040,玩具手作,匠人就是要愚顿一点,0,该用户可能在调侃直播间的抢购氛围过于急躁，认为真正的匠人应该保持专注和耐心，不必急于跟风抢购。
101582040,玩具手作,他想当蒙面人,0,该用户可能在调侃主播或某位观众的行为举止像蒙面人一样神秘或难以捉摸。
101582040,玩具手作,不能太精明,0,该用户可能在调侃主播或品牌方在营销策略上表现得过于精明算计，反而让消费者感到不适或失去信任。
101582040,玩具手作,"欧阳老师太太说,他们夫妻俩的第三者就是杯子",0,该用户是在幽默地调侃主播夫妻对杯子的喜爱程度，暗示他们像对待伴侣一样珍视这些杯子。
101582040,玩具手作,欧阳老师这样挺好的,0,该用户是在肯定主播欧阳老师展现出的真实随性的风格，认为这种自然不做作的表现很吸引人。
101582040,玩具手作,"羊,让老师画外面有一圈各种款式各种颜色的小壶的杯杯呀",0,该用户希望主播让老师设计一款杯身外圈装饰有不同款式和颜色小壶图案的杯子。
101582040,玩具手作,我遗憾的是没买到他早期的作品,0,该用户表达的是对错过主播早期创作产品的惋惜和渴望拥有的心情。
101582040,玩具手作,欧阳老师工匠精神,0,该用户是在赞赏欧阳老师专注执着、精益求精的制陶态度。
101582040,玩具手作,包括斗彩,0,该用户可能是想询问直播中展示的瓷器是否包含斗彩工艺的款式。
101582040,玩具手作,干的漂亮,0,该用户是在称赞主播或嘉宾的某个精彩表现或举动，可能是对工艺展示、产品介绍或互动环节的积极反馈。
101582040,玩具手作,很可以,0,该用户想表达的含义是：这款产品看起来非常不错，我有强烈的购买意愿。
101582040,玩具手作,那明天就等着制裁吧,0,该用户可能是在表达对明天抢购商品的强烈期待和势在必得的决心，暗示会全力以赴参与购买。
101582040,玩具手作,笑死我了,0,该用户被直播中的幽默互动或有趣内容逗乐，表达了一种轻松愉快的观看体验。
101582040,玩具手作,哈哈哈老母亲承受了一切,0,该用户是在调侃主播（或相关人物）为了满足观众需求而辛苦付出，像操劳的母亲一样包容大家的各种要求。
101582040,玩具手作,罚做一周值日,0,该用户可能是在以幽默的方式调侃主播或嘉宾，建议他们因某种表现（如搞笑失误或拖延时间）而接受“惩罚”，比如增加直播时长或推出福利活动。
101582040,玩具手作,哥哥不内耗,0,"该用户可能在表达对主播（""哥哥""）专注创作、不自我纠结的欣赏态度。"
101582040,玩具手作,"我儿也这样,关键他讲的蛮有道理",0,该用户通过共鸣主播分享的内容（可能是关于孩子或教育的话题），表达了对主播观点的认同和欣赏。
101582040,玩具手作,"要么就是想逃避惩罚,要么就是觉得认错就输了",0,该用户是在调侃主播或嘉宾面对错误时既不愿承认又怕丢面子的矛盾心态。
101582040,玩具手作,还有个957壶承呢,0,"该用户是在询问或提醒主播展示或介绍一款名为""957""的壶承产品。"
101582040,玩具手作,"面对叛逆期的宝宝,只有捧着、哄着",0,该用户是在感叹育儿不易，表达对主播分享的亲子相处方式的认同和共鸣。
101582040,玩具手作,喝茶啊心情好,0,该用户可能在轻松愉悦的氛围中表达对直播中展示的茶具或饮茶场景的喜爱，暗示这类产品能带来美好体验从而产生消费兴趣。
101582040,玩具手作,别硬怼,0,该用户可能是在委婉提醒主播不要过于强势或固执地推销产品，应当更自然地与观众互动。
101582040,玩具手作,我儿说我是蚊子,0,该用户是在用幽默的方式表达孩子对自己的吐槽，暗示孩子说自己像蚊子一样唠叨或烦人。
101582040,玩具手作,933上错价,0,该用户可能是在提醒主播或运营团队商品编号933的价格设置出现了错误，暗示自己发现了优惠或漏洞并有意购买。
101582040,玩具手作,别寄宿不行啦,0,该用户可能是在调侃或反对主播当前展示的商品寄宿服务，认为其质量或效果不佳。
101582040,玩具手作,不要寄宿,0,该用户想表达的含义是：反对让孩子住校，认为寄宿制教育不合适。
101582040,玩具手作,寄宿你更管不了了,0,该用户想表达的含义是：让孩子寄宿学校反而会让他更加难以管教。
101582040,玩具手作,别寄宿,0,该用户是在反对让孩子寄宿的建议，认为寄宿并非解决问题的好办法。
101582040,玩具手作,送来跟我聊一聊,0,该用户可能是想通过互动进一步了解产品详情或希望主播主动介绍商品信息。
101582040,玩具手作,"可以叛逆,但规则该有还是要有,谈不下去就等都冷静了再谈",0,该用户想表达的含义是：对待叛逆期的孩子需要保持原则，但在情绪激动时应暂停沟通以避免冲突升级。
101582040,玩具手作,今天别说他了,0,该用户想表达的含义是：今天别再讨论这个话题了（可能觉得当前关于孩子教育的讨论已经足够或感到疲惫）。
101582040,玩具手作,太小了别寄宿啦,0,该用户是在反对让孩子寄宿的建议，认为孩子年龄尚小不适合离开家庭生活。
101582040,玩具手作,"不要寄,要好关系要安全感我也在努努力",0,该用户想表达的含义是：反对让孩子寄宿，认为亲子间需要建立良好的沟通和信任关系来获得安全感。
101582040,玩具手作,过两天找机会再聊,0,该用户想表达的含义是：暂时不想继续讨论寄宿话题，等情绪平复后再沟通。
101582040,玩具手作,叛逆期一定要提供好情绪价值才有得谈,0,该用户想表达的含义是：在孩子的叛逆期，家长需要优先照顾孩子的情绪需求才能有效沟通。
101582040,玩具手作,就是可以吵架但是不能破坏亲子关系,0,该用户想表达的含义是：家长在与孩子沟通时可以存在分歧和争执，但要注意维护亲子关系的和谐，避免因冲突导致感情破裂。
101582040,玩具手作,"刚刚才碰到家长说他们学校有寄宿生要jump,被老师拉下来了",0,该用户想表达的含义是：听说有寄宿生因心理压力试图轻生被老师及时制止，这让我更担心寄宿对孩子心理健康的影响。
101582040,玩具手作,忍不住就要生气,0,该用户可能因为直播间讨论的叛逆期教育话题触发了自身情绪，表达对当前亲子沟通困境的无奈和焦躁。
101582040,玩具手作,"面对叛逆期的孩子,你只能示弱,他会觉得自己很被妈妈需要",0,该用户想表达的含义是：在应对孩子叛逆期时，适当示弱能让孩子感受到被需要，从而改善亲子关系。
101582040,玩具手作,"今天你要对他特别好,等这些冷静之后,明天再开始讲",0,该用户想表达的含义是：建议家长在孩子情绪激动时先给予关爱安抚，等双方都平静下来后再进行沟通教育。
101582040,玩具手作,要命啊我也是第一次做人呐这么难,0,该用户想表达的含义是：面对亲子关系的压力和挑战感到无助和疲惫。
101582040,玩具手作,老师那边就先应付明早起来心情最好的时候开着玩笑说他才会和你说心里真的想,0,该用户想表达的含义是：等明早孩子心情好的时候，用轻松玩笑的方式沟通才能让他敞开心扉。  （结合前文关于亲子沟通和情绪管理的讨论，该弹幕是在建议选择合适时机和方式与叛逆期孩子谈心，强调营造轻松氛围的重要性。）
101582040,玩具手作,"对,示弱",0,该用户认同通过向叛逆期的孩子示弱来建立情感连接和改善亲子关系的建议。
101582040,玩具手作,我们聊聊,0,该用户想表达的含义是：希望主播暂停当前关于孩子教育的话题，转而进行更轻松的互动交流。
101582040,玩具手作,冷净了再说,0,该用户想表达的含义是：等双方情绪平复后再继续沟通。
101582040,玩具手作,"还有直口杯不,哈哈",0,该用户可能是在直播间讨论育儿话题的间隙突然切换话题，询问商品库存情况，用轻松的语气询问主播是否还有直口杯在售。
101582040,玩具手作,老师也在抢杯子,0,该用户想表达的含义是：连主播（老师）都在抢购这款杯子，看来商品很受欢迎。
101582040,玩具手作,"演一个大的,假装在默默掉眼泪可不可以",0,该用户可能是在以调侃的方式建议主播通过夸张的表演（如假装哭泣）来吸引观众注意或营造戏剧效果，试图活跃直播间氛围或测试主播的临场反应能力。
101582040,玩具手作,"结果老师什么都抢不到,自己气的什么都忘了",0,该用户是在抱怨直播间的热门商品（如杯子）被抢购一空，导致自己和老师都没能买到，既懊恼又无奈。
101582040,玩具手作,"就是你今天晚上什么都不要对他说,还要对他特别的好,然后明天他慢慢他就会嗯",0,该用户想表达的含义是：建议今晚先以温和态度对待对方，等情绪平复后再找合适时机沟通。
101582040,玩具手作,"想问问二宝妈去珠海,喜来登酒店怎么样",0,该用户可能是一位关注亲子教育的母亲，在参与育儿话题讨论后突然转向咨询旅行住宿，想了解该酒店是否适合带两个孩子入住。
101582040,玩具手作,老师来抢一下杯子,0,该用户是在调侃直播间里老师参与抢购杯子的热闹场面，暗示自己也想要加入抢购。
101582040,玩具手作,硬钢真的不行,0,该用户是在吐槽直播中抢购商品的竞争太激烈，自己没能成功抢到。
101582040,玩具手作,小孩大了真的好难管,0,该用户可能在感叹育儿过程中面对孩子叛逆期的无力感，并隐晦寻求应对青春期子女的教育建议。
101582040,玩具手作,"去长隆,孩子超爱",0,该用户想表达的含义是：打算带孩子去长隆游玩，因为孩子非常喜欢那里。
101582040,玩具手作,"老师,来直播间抢一下杯子,保证什么问题都解决了",0,该用户是在以幽默的方式呼吁主播参与抢购直播间的杯子商品，暗示抢到杯子能缓解当前讨论的育儿压力。
101582040,玩具手作,我只住过珠海长隆的酒店,0,该用户想表达的含义是：我之前在珠海长隆住过酒店，对这类亲子旅游住宿比较有经验。
101582040,玩具手作,哈哈哈羊主播是富家女哦从小吃香喝辣哈哈哈哈,0,该用户是在调侃主播的优越家境，以此活跃直播间气氛并间接表达对主播的喜爱。
101582040,玩具手作,看着不错,0,该用户可能对直播中展示的某款商品（如杯子）产生了兴趣，认为其外观或功能符合自己的喜好。
101582040,玩具手作,去越南珍珠岛,0,该用户可能是在询问或推荐与旅行相关的产品，表达了对越南珍珠岛旅游的兴趣或向往。
101582040,玩具手作,这个可以,0,该用户可能对直播中展示的某款商品（如杯子或其他产品）产生了兴趣，认为其符合自己的需求或审美。
101582040,玩具手作,我住过悦榕庄挺好,0,该用户是在分享自己住过悦榕庄的正面体验，可能意在为当前讨论的酒店选择提供参考或暗示对同类高端酒店的认可。
101582040,玩具手作,这个茶怎么样蜜兰,0,该用户想询问这款蜜兰香型茶叶的品质和口感如何。
101582040,玩具手作,海边的,0,该用户可能在询问或推荐与海边相关的旅游目的地或住宿体验。
101582040,玩具手作,蜜兰好喝,0,该用户是在询问或认可蜜兰茶的口感和品质，表达了对这款产品的兴趣或好感。
101582040,玩具手作,真的热死我了今天,0,该用户可能是在抱怨天气炎热，借此引出与当前直播商品（如清凉饮品或避暑用品）相关的潜在需求或互动意愿。
101582040,玩具手作,"去三亚也不错,找个好酒店,玩沙玩泳池,小朋友乐不思蜀",0,该用户表达了对三亚亲子游的向往，尤其关注高品质酒店和儿童娱乐设施。
101582040,玩具手作,我一直都是带耳机看你们直播然后会笑出声我女儿说妈妈你最近不对劲怎么老是自己会笑,0,该用户想表达的含义是：观看直播时的愉悦体验引起了家人的注意，暗示自己对直播内容非常感兴趣且享受其中。
101582040,玩具手作,灯箱开始了吗,1,该用户可能在询问直播中提到的某个促销活动或商品展示环节是否已经开始。
101582040,玩具手作,希尔顿是不是也一般?,0,该用户可能是在询问希尔顿酒店的品质是否不如预期，想了解其他观众的实际入住体验来帮助自己做消费决策。
101582040,玩具手作,太热了,0,该用户可能在抱怨天气炎热，并间接暗示对直播中提到的清凉旅行或消暑产品感兴趣。
101582040,玩具手作,晒死了,0,该用户想表达的含义是：天气太热让人感到难以忍受。
101582040,玩具手作,灯箱没捡漏啊,0,该用户可能是在表达对灯箱产品优惠活动已经结束或未能抢到心仪商品的遗憾和失望。
101582040,玩具手作,三亚消费太高了性价比低,0,该用户认为三亚的旅游消费水平超出合理范围，与其提供的体验价值不相匹配。
101582040,玩具手作,吓死了,0,该用户可能是被直播中提到的某个夸张或刺激的内容（如高消费、天气炎热等）所震惊，表达了一种略带调侃的意外情绪。
101582040,玩具手作,"上次去澳门走横琴口岸,横穿了横琴,像个死城",0,该用户可能在吐槽横琴口岸周边环境冷清，缺乏人气，与之前弹幕讨论的热门旅游地和酒店体验形成对比。
101582040,玩具手作,亚龙湾的喜来登也不错,0,该用户是在对比讨论三亚的酒店住宿体验，认为亚龙湾喜来登也是一个值得考虑的选择。
101582040,玩具手作,红拓片真的每场都被抢空空,0,该用户想表达的含义是：红拓片这款产品非常抢手，几乎每次直播都会迅速售罄。
101582040,玩具手作,万宁那边也不错,0,该用户想表达的含义是：相比当前讨论的旅游地点，万宁也是值得考虑的好去处。
101582040,玩具手作,小东海吗,0,该用户可能在询问直播中提到的地点或产品是否与“小东海”（三亚的一个景点）有关。
101582040,玩具手作,"现在去的地方太多,都要写笔记记录了",0,该用户可能在抱怨旅行时需要记录的信息太多，感到繁琐不便。
101582040,玩具手作,灯箱还有吗,1,该用户是在询问直播中提到的灯箱产品是否仍有库存可供购买。
101582040,玩具手作,太阳湾柏悦,0,该用户可能是在询问或推荐三亚太阳湾柏悦酒店的相关信息，表达了对该酒店的潜在兴趣或旅行需求。
101582040,玩具手作,天涯海角,0,该用户可能是在感叹或向往远方的旅行目的地，表达一种对遥远浪漫地点的憧憬或讨论旅游话题的兴趣。
101582040,玩具手作,柏悦太旧了,0,该用户可能是在对比讨论三亚的酒店时，认为太阳湾柏悦的设施陈旧，不符合其期待或偏好。
101582040,玩具手作,之前总看推亚特兰蒂斯,0,该用户可能是在表达对亚特兰蒂斯酒店的兴趣或体验回忆，暗示自己关注过相关推荐或曾考虑选择该酒店度假。
101582040,玩具手作,老贵了,0,该用户认为商品或服务的价格过高，超出了心理预期或合理范围。
101582040,玩具手作,"三亚只有亚龙湾以南能下海游泳,其他地方都下不去水,有海沟",0,用户是在讨论三亚不同海域的游泳条件差异，暗示对亚龙湾以南区域的游玩体验更满意。
101582040,玩具手作,看着不错,0,该用户可能对当前直播展示的某个产品或地点产生了初步好感，暗示有进一步了解或购买的意愿。
101582040,玩具手作,要不就是在那边租车,0,该用户可能是在考虑旅行时的交通安排，倾向于在当地租车以方便出行。
101582040,玩具手作,亚特兰蒂斯像自由市场,0,该用户可能是在吐槽亚特兰蒂斯酒店的商业化氛围过重，缺乏高端体验感，像普通市场一样嘈杂廉价。
101582040,玩具手作,鹿回头,0,该用户可能在询问或提及三亚的著名景点“鹿回头”，表达对当地旅游信息的兴趣或分享相关体验。
101582040,玩具手作,艾美在香水湾,0,该用户可能是在询问或确认直播中提到的“艾美”酒店是否位于香水湾地区，表达了对该地点住宿选择的兴趣。
101582040,玩具手作,佛山好玩吗,0,该用户可能在询问佛山作为旅游目的地的体验和推荐，暗示对前往佛山游玩或购买相关旅游产品有兴趣。
101582040,玩具手作,石梅湾,0,该用户可能是在询问或推荐海南万宁的石梅湾旅游信息，与其他弹幕讨论的海南景点形成呼应。
101582040,玩具手作,艾迪孙,0,该用户可能是在询问或提及某个与三亚或旅游相关的地点或品牌名称，但发音或拼写有误，实际想表达的是“亚特兰蒂斯”（结合前文讨论三亚酒店及“亚特兰蒂斯像自由市场”的吐槽）。
101582040,玩具手作,"三亚,阿那亚在山边",0,该用户可能在对比三亚和阿那亚两个旅游目的地的地理环境特点，暗示对两地山景资源的兴趣或比较。
101582040,玩具手作,珠海哪个岛值得去走走?,0,该用户可能在询问珠海周边适合休闲游玩的岛屿推荐，暗示对旅游目的地感兴趣并考虑前往。
101582040,玩具手作,艾迪迅很舒服,0,该用户想表达的含义是：艾迪迅（可能是某酒店或景点）的体验感很好。
101582040,玩具手作,石梅湾住过的还挺好的,0,该用户想表达的含义是：对石梅湾的住宿体验表示认可和推荐。
101582040,玩具手作,石梅湾可以,0,该用户是在认同石梅湾作为旅游目的地的推荐，表达对石梅湾住宿体验的认可或兴趣。
101582040,玩具手作,"去东方,刚开发一部分,吃喝便宜",0,该用户可能在推荐三亚东部的某个新开发区域，认为那里消费性价比高且适合游玩。
101582040,玩具手作,出去玩一定要住好吃好,0,该用户可能在强调旅行时要注重住宿和餐饮的品质体验，呼应前面讨论的酒店选择和度假享受话题。
101582040,玩具手作,刚刚逛到海底有读书红拓片快去呀,0,该用户可能在推荐直播间某个关于海底读书红拓片的优惠活动，并催促其他人抓紧参与。  （分析思路：结合前文弹幕多为旅游、酒店、景点讨论，且部分涉及消费体验，可推测该用户看到直播中相关商品或福利，用“快去呀”表达紧迫感，类似限时优惠或热门商品的情境。）
101582040,玩具手作,先说这个周日开播不,0,该用户想询问主播本周日是否会继续开播，以便安排时间观看或参与互动。
101582040,玩具手作,二宝妈去演大剧了,0,该用户是在调侃直播间推荐的旅游产品价格昂贵，暗示自己作为普通消费者更倾向于经济实惠的选择。
101582040,玩具手作,没有你就脱口秀,0,该用户可能是在调侃或抱怨主播没有专注于带货或介绍产品，而是像在表演脱口秀一样闲聊其他话题。
101582040,玩具手作,脑补二宝妈大戏,0,该用户是在调侃或讽刺“二宝妈”这个角色设定过于戏剧化或不切实际。
101582040,玩具手作,时间太短去昆明,0,该用户可能是在抱怨直播推荐的昆明旅游行程安排时间不够充裕，无法充分体验当地景点。
101582040,玩具手作,"我也是在昆明,但是昆明没啥好玩的",0,该用户可能是在附和前面关于昆明的内容，委婉表达对当地旅游资源不足的遗憾，暗示希望主播能推荐更有趣的本地玩法或商品。
101582040,玩具手作,黑壶承还有没,1,该用户是在询问直播间是否还有黑色壶承（茶具配件）的库存可供购买。
101582040,玩具手作,泸沽湖,0,该用户可能是在询问或推荐与泸沽湖相关的旅游信息或体验。
101582040,玩具手作,五一应该蓝花楹开了,0,该用户可能在询问五一期间蓝花楹的花期是否合适，以此判断是否值得前往相关景点游玩。
101582040,玩具手作,糖糖拍给我们看,0,该用户希望主播展示或介绍与“糖糖”相关的内容或产品。
101582040,玩具手作,吃的很好吃,0,该用户想表达的含义是：对直播中提到的某个美食或餐饮体验表示认可和赞赏。
101582040,玩具手作,好呀好呀,0,该用户想表达的含义是：对主播提到的某个旅行地点或活动表示赞同和兴奋，愿意参与或尝试。
101582040,玩具手作,下面有个非常漂亮的壶承,0,该用户可能是在提醒其他观众注意接下来要展示的一款精美壶承产品，暗示其具有购买价值。
101582040,玩具手作,我去拍给你们看,0,该用户可能是想响应其他观众对展示商品的请求，主动表示要去下单购买并分享实物效果。
101582040,玩具手作,真的好想去看,0,该用户表达的是对直播中提到的某个旅游地点或体验项目产生强烈向往的意愿。
101582040,玩具手作,五一太多人,0,该用户可能在表达对五一假期旅游人潮过多的担忧或不满，暗示出行体验可能受影响。
101582040,玩具手作,"本来说去潮汕,后面变成了去珠海",0,该用户可能是想分享自己旅行计划的变更，从原本打算去潮汕改为前往珠海，暗示对珠海行程的兴趣或期待。
101582040,玩具手作,哇好看耶,1,该用户被直播中展示的某件商品的外观所吸引，表达出对产品设计的喜爱和潜在的购买兴趣。
101582040,玩具手作,哈哈哈少女心我们都喜欢,0,该用户可能是被直播中某件粉色或可爱风格的商品所吸引，用轻松调侃的语气表达了自己和观众对这种风格的喜爱。
101582040,玩具手作,好看好看!,1,该用户被直播中展示的商品或场景所吸引，表示由衷的赞赏和喜爱。
101582040,玩具手作,上链接,1,该用户希望主播尽快将当前展示的商品或服务上架到购买链接中。
101582040,玩具手作,嗯嗯都好看!,1,该用户被直播间的商品展示所吸引，对多个产品都表示认可和喜爱。
101582040,玩具手作,海底有个静观大壶承,0,该用户可能是注意到直播中展示的茶具配件，对提到的“大壶承”产生了兴趣，暗示想了解或购买同类产品。
101582040,玩具手作,这个好,1,该用户被直播中展示的某件商品所吸引，认为其品质或外观不错，流露出潜在的购买意愿。
101582040,玩具手作,明天关注一下叛逆小朋友怎么样了,0,该用户可能是对直播中提到的某个商品（如“叛逆小朋友”相关的产品）产生了兴趣，表示明天会留意该商品的动态或后续介绍。
101582040,玩具手作,明天见,0,该用户想表达的含义是：明天会继续关注直播或相关动态。
94116068315,玩具手作,绝版书想,0,该用户可能对直播中展示的绝版书籍产生了收藏或购买的意愿。
94116068315,玩具手作,"明天录好讲解,我们自助",0,该用户可能是希望主播将今天的商品讲解内容录制下来，方便他们后续自行观看和下单。
94116068315,玩具手作,看了一下还是买一整套吧,1,用户决定购买整套产品而非单件。
94116068315,玩具手作,明天是什么?,1,该用户是在询问明天直播中将会介绍或售卖的具体商品内容。
94116068315,玩具手作,明天有书架吗,1,该用户是在询问明天的直播是否会售卖书架产品。
94116068315,玩具手作,2号链接里都有什么,1,该用户想询问2号链接所包含的具体商品内容，可能是在考虑是否下单或对比其他选项。
94116068315,玩具手作,明天可以自助,0,该用户想表达的含义是：询问明天是否可以自行购买商品而不需要主播讲解。
94116068315,玩具手作,能再发卷吗,1,该用户希望直播间能再次发放优惠券以便购买商品。
94116068315,玩具手作,绝版书以后就没了吗?,1,该用户是在询问绝版书是否之后会彻底下架不再售卖。
94116068315,玩具手作,这个参加不了,0,该用户可能是在表达自己因某些限制（如时间、资格、库存等）无法参与当前直播中的某项活动或购买特定商品。
94116068315,玩具手作,怎么抽,0,该用户想询问参与直播间抽奖活动的具体方式。
94116068315,玩具手作,抽奖咯,0,该用户可能是在询问或提醒关于直播间的抽奖活动如何参与或何时开始。
94116068315,玩具手作,"这两天买了好多书,给小宝也得买个书架",1,该用户表达的是近期购书较多，打算顺便给孩子也添置一个书架的需求。
94116068315,玩具手作,书架确实得买了,1,该用户看到其他观众讨论购买书籍和书架后，产生了明确的购买意向，认为自己也确实需要购置一个书架来存放近期购买的图书。
94116068315,玩具手作,书架啥样的,1,该用户可能是在询问直播中展示或提到的书架的具体款式或外观细节，表现出对购买书架的潜在兴趣。
94116068315,玩具手作,买笔就是只有2号是么,1,该用户是在询问购买笔是否只能通过2号链接下单，暗示对产品有兴趣但想确认购买渠道的准确性。
94116068315,玩具手作,明天书架是不是很高档位,1,该用户是在询问明天将要售卖的书架是否属于高端款式或价位较高的产品。
94116068315,玩具手作,图书馆书架,1,该用户可能是在询问直播中提到的图书馆风格书架的具体款式或购买方式。
94116068315,玩具手作,明天满赠有书架呀?,1,该用户是在询问明天直播间是否会推出包含书架作为赠品的促销活动。
94116068315,玩具手作,让我中一下吧,0,该用户希望自己能在直播间的抽奖活动中被幸运选中。
94116068315,玩具手作,许愿中奖,0,该用户希望通过参与直播间的抽奖活动获得奖品。
94116068315,玩具手作,买了一堆书,0,该用户想表达自己近期购买了较多书籍，可能暗示对直播间的图书推荐感兴趣或已产生实际消费行为。
94116068315,玩具手作,许愿中奖～～～,0,该用户希望通过参与抽奖活动获得直播间提供的赠品或优惠。
94116068315,玩具手作,明天有这么多好东西啊,0,该用户对直播预告中的商品（尤其是书架）表现出浓厚的兴趣和期待。
94116068315,玩具手作,反向销售了,0,该用户想表达的含义是：主播的推销反而让人更不想买了。
94116068315,玩具手作,现在感觉是个电器就补,0,该用户想表达的含义是：感觉现在随便什么电器产品都在搞促销补货活动。
94116068315,玩具手作,跟着南北妈妈买到停不下来,0,该用户想表达的含义是：受直播间推荐影响持续产生购买冲动，已经控制不住消费行为了。
94116068315,玩具手作,"买了3号链接,是属于科普书还是认知书",0,该用户想确认自己刚下单的3号链接商品属于哪个书籍分类，以便了解其内容类型是否符合自己的需求。
94116068315,玩具手作,中奖的关注我!!核对奖品兑奖方式,0,该用户想表达的含义是：提醒中奖者关注自己以便核对兑奖流程。
94116068315,玩具手作,恭喜恭喜,0,该用户可能是在祝贺主播或直播间中奖的观众，表达一种友好的互动意愿。
94116068315,玩具手作,"需要南北麻麻熏听资源和儿童各个阶段敏感书的,关注私聊我领取",0,该用户想表达的含义是：想获取与儿童成长相关的熏听资源和敏感期书籍资料，并引导感兴趣的观众通过私信联系领取。
94116068315,玩具手作,类似于十万个为什么?,0,该用户可能在询问当前推荐的书籍或产品是否属于科普类读物，类似于《十万个为什么》这样的儿童知识百科类型。
94116068315,玩具手作,满赠是叠加吗?,0,该用户是想确认明天的满赠活动是否可以与其他优惠叠加享受。
94116068315,玩具手作,为啥领不到卷呢,1,该用户因无法成功领取优惠券而感到困惑，并希望得到解决方法。
94116068315,玩具手作,最后抽一个,0,该用户希望成为最后一个被抽中奖品的幸运观众。
94116068315,玩具手作,明天几点播,0,该用户想询问下一场直播的具体开播时间，可能是对明天的促销活动感兴趣或想继续参与互动。
94116068315,玩具手作,又不中,0,该用户想表达的含义是：对没有中奖感到失望和遗憾。
94116068315,玩具手作,最后再来一个抽奖,0,该用户希望主播在直播结束前再增加一次抽奖机会。
94116068315,玩具手作,全场的,0,该用户可能是在询问直播间的全场优惠活动或商品范围。
94116068315,玩具手作,再抽一个吧,0,该用户希望主播再进行一次抽奖活动。
94116068315,玩具手作,没有奖啦?,0,该用户是在询问直播间的抽奖活动是否已经结束。
94116068315,玩具手作,一岁半会撕书怎么办,0,该用户可能在询问如何解决幼儿撕书的问题，暗示对儿童早教或图书产品的潜在需求。
94116068315,玩具手作,快3岁还有什么书推荐一下,1,该用户想表达的含义是：询问适合3岁左右孩子的图书推荐。
94116068315,玩具手作,差不多2岁都撕,0,该用户想表达的含义是：我家孩子快两岁了总爱撕书，有什么适合这个年龄段的耐撕书籍推荐吗？
94116068315,玩具手作,呼叫刘总,0,该用户可能是想通过呼叫主播“刘总”来咨询产品推荐或参与互动活动。
94116068315,玩具手作,买了2、3、8、11、66,0,该用户想表达的含义是：自己已经下单购买了直播间里编号为2、3、8、11和66的商品。
94116068315,玩具手作,刘总是谁,0,"该用户可能是在询问直播间中被称为""刘总""的主播或工作人员的身份信息。"
94116068315,玩具手作,"买了1200多,就怕宝宝不看",0,该用户担心自己花费1200多元购买的书籍可能不适合孩子的年龄或兴趣，导致孩子不爱看。
94116068315,玩具手作,撕书正常,0,该用户想表达的含义是：幼儿撕书是成长过程中的常见现象，不必过于担心。
94116068315,玩具手作,缝缝补补又三年,0,该用户想表达的含义是：这件商品质量不错，可以长期使用，不需要频繁更换。
94116068315,玩具手作,明天有土豪书吗,1,该用户是在询问明天直播是否会售卖适合高消费群体的高端书籍。
94116068315,玩具手作,主要是心疼,0,该用户可能是在表达对购买后物品容易损坏（如孩子撕书）的无奈和惋惜。
94116068315,玩具手作,你实在想防就陪他看,0,该用户想表达的含义是：如果家长实在担心孩子撕书，可以陪伴孩子一起阅读来避免损坏书籍。
94116068315,玩具手作,你给他单独玩就买硬纸板,0,该用户想表达的含义是：如果主播能演示单独让孩子玩硬纸板的效果，自己就会购买。
94116068315,玩具手作,"需要南北麻麻熏听资源和儿童各个阶段敏感书的,关注私聊我领取",0,该用户想表达的含义是：向直播间观众推销与儿童早教相关的熏听资源和敏感期书籍，并引导他们通过私信获取这些资料。
94116068315,玩具手作,中奖的关注我!!核对奖品兑奖方式,0,该用户是在呼吁中奖者关注自己以便核对奖品领取细节。
94116068315,玩具手作,"本来想凑499,没想到买成了799",0,该用户原本只想凑单达到最低优惠金额，结果不知不觉超出了预算，消费了更多。
94116068315,玩具手作,撕了就粘回来,0,该用户想表达的含义是：孩子撕书后可以通过修补继续使用，不必过于担心。
94116068315,玩具手作,"我就是这样,撕了粘",0,该用户想表达的含义是：孩子撕书后我会用胶带粘好继续使用。
94116068315,玩具手作,抽最后一个全场,0,该用户可能在催促主播尽快进行最后一次全场抽奖活动。
94116068315,玩具手作,小鸡下班了,0,该用户可能是在调侃或转移话题，用“小鸡下班了”这种轻松幽默的表达来缓解直播间讨论孩子撕书问题的紧张氛围。
94116068315,玩具手作,大家有任何不懂的可以进南北妈妈主页粉丝群里问!有小助理会回复大家,0,该用户是在引导其他观众加入粉丝群获取更多产品咨询和售后服务，以促进购买决策和后续互动。
94116068315,玩具手作,买了2、3、8、11、66、还有推荐啥?快3岁,1,该用户想表达的含义是：自己已经购买了编号为2、3、8、11、66的儿童书籍，现在想询问其他适合快3岁孩子的推荐书目。
94116068315,玩具手作,小鸡到此结束,0,该用户想表达的含义是：直播中介绍的小鸡系列产品已经全部讲解完毕。
94116068315,玩具手作,已经满了就看还有什么漏的,0,该用户可能是在表示自己已经购买了不少商品，现在想看看直播间还有什么遗漏的值得买的东西。
94116068315,玩具手作,小鸡球球累了,0,该用户可能是在调侃直播即将结束或商品已售罄，暗示“小鸡球球”相关产品已没有库存或活动告一段落。
94116068315,玩具手作,还有抽奖么,0,该用户是在询问直播间是否还有后续的抽奖活动，表现出对参与互动福利的兴趣。
94116068315,玩具手作,799才送小鸡,0,该用户可能是在抱怨或调侃购买金额达到799元才赠送“小鸡”礼品的促销门槛较高。
94116068315,玩具手作,"需要南北麻麻熏听资源和儿童各个阶段敏感书的,关注私聊我领取",0,该用户想通过弹幕吸引其他观众关注自己，以私下分享早教资源和敏感期书籍的获取方式。
94116068315,玩具手作,我领了卷不知道咋用,0,该用户想表达的含义是：自己已经领取了优惠券但不清楚具体的使用方法，希望得到指导。
94116068315,玩具手作,大排长龙有点读的吗这个听说很废嘴,1,该用户可能在询问直播间推荐的“大排长龙”点读产品是否耐用，担心频繁使用容易损坏。
94116068315,玩具手作,艺术书三套的合辑没货了,1,该用户可能在表达对商品缺货的遗憾，并暗示自己原本有购买意向但因库存问题无法完成交易。
94116068315,玩具手作,该买的书都买了,0,该用户想表达的是自己已经完成了所需的书籍购买，暂时没有其他购买需求。
94116068315,玩具手作,明天的机制发群里了吗,0,该用户是在询问直播间的优惠活动规则是否已发布到粉丝群中，以便及时获取购买信息。
94116068315,玩具手作,和艺术做朋友合辑能加吗,1,该用户可能是在询问能否将“和艺术做朋友”系列的商品加入购物合辑或优惠套餐中。
94116068315,玩具手作,理念是好的就是废我,0,该用户可能是在吐槽直播间的促销机制虽然吸引人，但实际操作起来太耗费精力或不够划算。
94116068315,玩具手作,"需要南北麻麻熏听资源和儿童各个阶段敏感书的,关注私聊我领取",0,该用户希望通过私聊分享早教资源来吸引关注，可能是为了推广或交换育儿资料。
94116068315,玩具手作,30大发现,0,该用户可能是在询问直播中提到的“30大发现”具体是指哪些产品或活动内容，表达了对这一主题的兴趣和进一步了解的意愿。
94116068315,玩具手作,中奖的关注我!!核对奖品兑奖方式,0,该用户可能是中奖者，希望其他中奖用户关注自己以便核对兑奖细节。
94116068315,玩具手作,蓝绿黄分开拍价格也一样的,0,该用户是在确认商品的不同颜色选项是否会影响最终价格，暗示对购买的具体细节感兴趣。
94116068315,玩具手作,"单套可以买,三套一起的选项没了",0,该用户想表达的是：对三套合辑售罄感到遗憾，但仍有兴趣单独购买其中一套。
94116068315,玩具手作,几号链接呢,1,该用户是在询问主播提到的商品对应的具体购买链接编号。
94116068315,玩具手作,3号想,1,该用户可能在询问商品编号“3号”的相关信息，比如价格、功能或购买方式。
94116068315,玩具手作,三个一起可以用券吧?,1,该用户是在询问购买三件商品组合是否可以使用优惠券。
94116068315,玩具手作,多抽两个,0,"该用户希望主播增加抽奖名额或再发起一轮抽奖活动。  （结合前文多次出现""抽奖""""中奖""等关键词，且直播间的互动氛围包含促销和福利发放，用户在此语境下表达的诉求聚焦于获得更多抽奖机会。）"
94116068315,玩具手作,2、3号都可以抽吗?,0,该用户是在询问2号和3号商品链接是否都参与当前的抽奖活动。
94116068315,玩具手作,抽50,0,该用户希望主播增加抽奖名额或提高中奖概率。
94116068315,玩具手作,小鸡球球是哪个链接呀,1,该用户是在询问商品“小鸡球球”对应的购买链接位置，表明对这款产品有明确的购买意向。
94116068315,玩具手作,3号想抽,0,该用户想表达的是对3号商品的抽奖活动感兴趣并希望参与。
94116068315,玩具手作,单买不能用卷,0,该用户想表达的含义是：单独购买这件商品无法使用优惠券。
94116068315,玩具手作,再来个全场的抽,0,该用户希望主播再增加一轮面向所有观众的抽奖活动。
94116068315,玩具手作,全场抽,0,该用户希望直播间能增加一次面向所有观众的抽奖活动。
94116068315,玩具手作,全场抽个礼品,0,该用户希望直播间能增加一次面向所有观众的抽奖活动。
94116068315,玩具手作,这个价格给力吗,0,该用户是在询问当前商品的价格是否足够优惠，有意向购买但希望确认性价比。
94116068315,玩具手作,加购物车一起付款就可以用券,0,该用户想表达的含义是：建议将商品加入购物车合并结算以享受优惠券折扣。
94116068315,玩具手作,比618官方便宜吗,1,该用户是在询问当前直播间的商品价格是否比618官方活动期间更优惠。
94116068315,玩具手作,有哪些东西呢可以给我看下嘛,1,该用户想表达的含义是：希望主播展示或介绍当前在售的商品详情以供参考。
94116068315,玩具手作,抽我我要买咯,0,该用户是在积极参与直播间的抽奖活动，同时表达了对商品的购买意愿，希望通过被抽中来促成交易。
94116068315,玩具手作,"为了口袋书,买了1500+",0,该用户想表达自己因为喜欢口袋书而已经下单购买了超过1500元的商品。
94116068315,玩具手作,4号怎么样?,1,该用户是在询问4号链接的商品详情或购买方式。
94116068315,玩具手作,我想看下里面有哪些,1,该用户想表达的含义是：希望主播展示产品详情或介绍直播间的商品内容。
94116068315,玩具手作,2号链接,1,该用户想询问或确认2号链接对应的商品信息或购买方式。
94116068315,玩具手作,58号好吗,1,该用户是在询问直播间推荐的58号商品是否值得购买或有什么特点。
94116068315,玩具手作,4号适合一岁半的宝宝吗?,1,该用户想询问4号商品是否适合一岁半幼儿使用，可能正在考虑为孩子选购该产品。
94116068315,玩具手作,4号链接套餐还有吗,1,该用户是在询问4号链接套餐的库存情况，表现出明确的购买意向。
94116068315,玩具手作,辛苦了,0,该用户可能是对主播的付出表示认可或感谢，同时暗示自己已产生一定的参与感或购买意向。
94116068315,玩具手作,58号怎么样,1,该用户想询问58号商品的具体情况或使用体验，可能是对这件商品产生了购买兴趣。
94116068315,玩具手作,马拉松,0,该用户可能在询问直播间是否有与马拉松相关的商品或活动。
94116068315,玩具手作,带点读笔的就是2号链接吗,1,该用户想确认2号链接的商品是否包含带点读笔的套餐。
94116068315,玩具手作,大家开始许愿了,0,该用户可能在暗示其他观众积极参与直播间的互动或促销活动，类似于“许愿”这种集体行为，以期待获得抽奖机会或优惠福利。
94116068315,玩具手作,对小月龄友好吗,1,该用户想询问产品是否适合年龄较小的婴儿使用。
94116068315,玩具手作,中午拍的能参加抽奖吗,0,该用户是在询问自己之前下单的商品是否符合参与当前抽奖活动的资格。
94116068315,玩具手作,CNN,0,该用户可能在询问某个产品的型号或链接编号（如“CNN”对应某个特定商品代码）。
94116068315,玩具手作,799有口袋书赠么,1,该用户是在询问售价799元的产品是否包含赠送的口袋书赠品。
94116068315,玩具手作,小鸡球球可以用卷吗,1,该用户想询问购买“小鸡球球”这款商品时是否可以使用优惠券。
94116068315,玩具手作,中奖的关注我!!核对奖品兑奖方式,0,该用户是在呼吁中奖者关注自己以便核对奖品领取细节。
94116068315,玩具手作,中奖的关注我!!核对奖品兑换奖品,0,该用户是在提醒中奖者关注自己以便核对信息并领取奖品。
94116068315,玩具手作,今天在直播间拍了1100的书可以只要这个口袋书和夜灯吗,0,该用户希望调整已下单的1100元书籍订单，仅保留口袋书和夜灯赠品或组合商品。
94116068315,玩具手作,已拍许愿,0,该用户想表达的含义是：我已经下单购买了商品，希望能获得相应的赠品或福利。
94116068315,玩具手作,中奖的关注我!!核对奖品,0,该用户是在提醒中奖者关注自己以便核对并领取奖品。
94116068315,玩具手作,想要口袋书,1,该用户是在询问或表达希望获得直播中提到的口袋书赠品或相关优惠。
94116068315,玩具手作,再拍400就有口袋书了,0,该用户想表达的是：只要再消费400元就能获得赠品口袋书。
94116068315,玩具手作,2岁四个月的宝宝推荐买哪个,1,该用户想询问适合2岁4个月幼儿的推荐商品链接或具体产品。
94116068315,玩具手作,我买去,0,该用户想表达的是自己决定下单购买的意愿。
94116068315,玩具手作,我还没买完,0,该用户想表达的含义是：我还有商品没下单完成，打算继续购买。
94116068315,玩具手作,2岁英语启蒙哪套,1,该用户想询问适合2岁宝宝英语启蒙的教材或产品推荐。
94116068315,玩具手作,最后一个抽奖,0,该用户是在询问或提醒当前是否已进入直播间的最后一次抽奖环节。
94116068315,玩具手作,买咯买咯,0,该用户表达的是决定下单购买的意愿。
94116068315,玩具手作,抽我抽我,0,该用户希望被选中参与直播间的抽奖活动。
94116068315,玩具手作,好辛苦,0,该用户可能是在感叹自己为了凑单或参与活动（如获取赠品）而频繁操作购物流程的疲惫感。
94116068315,玩具手作,抽到卷买百科,0,该用户想表达的是：如果抽到优惠券就购买百科全书。
94116068315,玩具手作,旋转书架有吗,1,该用户可能在询问直播间是否有旋转书架这款商品可供购买。
94116068315,玩具手作,2号链接不能用卷吗,1,该用户是在询问2号链接的商品是否可以使用优惠券。
94116068315,玩具手作,"辛苦了,下班了,晚安",0,该用户想表达的含义是：对主播的辛勤付出表示感谢并礼貌道别。
94116068315,玩具手作,辛苦辛苦,0,该用户想表达对主播辛勤付出的感谢和认可。
94116068315,玩具手作,可以下班宵夜了,0,该用户可能是在以轻松调侃的方式暗示直播即将结束，同时表达对主播辛勤工作的理解和告别。
94116068315,玩具手作,当当没有了吗?,1,该用户可能在询问直播中提到的某款商品（可能是“当当”相关书籍或赠品）是否已经售罄或停止发放。
94116068315,玩具手作,5号和套餐不冲突吧?,1,该用户是在确认5号商品和套餐是否可以同时购买而不互相影响。
94116068315,玩具手作,但是当当买普通的书真的便宜,0,该用户是在对比其他平台后，认可当当在普通书籍价格上的优势，可能暗示自己会在此下单购买。
94116068315,玩具手作,中奖的关注我!!核对奖品兑奖方式,0,该用户是在提醒中奖者关注自己以便核对奖品发放细节。
94116068315,玩具手作,"一天了,买了一千多,中一次吧",0,该用户想表达的含义是：自己已经消费了不少金额，希望能被抽中一次奖励。
94116068315,玩具手作,已下单,0,该用户想表达自己已经完成了购买行为。
94116068315,玩具手作,90号还有个包包吗?,1,该用户是在询问直播间是否还有90号链接对应的包款库存。
94116068315,玩具手作,书都买南北麻麻这里入了,0,该用户想表达的含义是：自己购买书籍都会优先选择这个主播的店铺。  （释义：结合前文弹幕中频繁出现的购买、下单、优惠券等互动内容，以及用户提及其他平台（如当当）的价格对比，可推断该弹幕意在表达对主播的信任和消费习惯，即“南北麻麻”是其固定购书渠道。）
94116068315,玩具手作,"需要南北麻麻熏听资源和儿童各个阶段敏感书的,关注私聊我领取",0,该用户想表达的含义是：有需要购买早教熏听资源和儿童敏感期书籍的观众，可以通过私信联系他获取相关资源。
94116068315,玩具手作,你买好东西,0,该用户想表达的含义是：你已经下单购买商品了吧。
94116068315,玩具手作,感谢美女,0,该用户可能是在对主播的辛勤表现或互动表示感谢，同时隐含对直播内容的认可和好感。
94116068315,玩具手作,介绍书好好,0,该用户想表达的含义是：主播介绍书籍的方式很吸引人，让人产生购买欲望。
94116068315,玩具手作,又美又厉害,0,该用户是在夸赞主播既漂亮又有能力，表达了对主播表现的欣赏和认可。
94116068315,玩具手作,来武汉我要来粉丝见面会,0,该用户表达的是对主播线下活动的期待和参与意愿，暗示其作为粉丝的支持态度。
