DLT1111DLT,美食饮料,别听他叫唤了笑死,0,该用户用反讽调侃主播话术，非商品信息。
elslk001,美食饮料,有独立小包装的巧克力吗,1,该用户偏好便携卫生的独立包装，询问是否有该规格。
elslk001,美食饮料,普通话比我还标准\[害羞],0,该用户自嘲式称赞主播普通话，非购买意向。
DLT1111DLT,美食饮料,欢迎江总出场,0,该用户欢迎嘉宾/主播，属于社交互动。
elslk001,美食饮料,牛肉干有吗辣不辣,1,该用户询问牛肉干是否售卖及辣度以决定购买。
elslk001,美食饮料,这款巧克力热量高吗,1,该用户担心发胖，询问热量信息以控制摄入。
DLT1111DLT,美食饮料,太便宜了,1,该用户觉得当前商品价格极具吸引力，产生强烈购买冲动。
elslk001,美食饮料,能不能补货刚没抢到,1,该用户错过抢购，希望主播补货以便购买。
elslk001,美食饮料,你们这带货文化真有意思,0,该用户在评论直播现象，偏泛话题聊天。
elslk001,美食饮料,路过看看你们挺有意思,0,该用户表达围观心态和互动意愿，没有具体商品诉求。
DLT1111DLT,美食饮料,梁总注意身体别太拼,0,该用户表达对主播健康的关心，非购买意向。
elslk001,美食饮料,这是不是原装进口的,1,该用户在购买前核实是否为原包装进口以保证正品。
elslk001,美食饮料,你来中国多久了,0,该用户好奇主播背景经历，属于聊天话题。
elslk001,美食饮料,糖尿病能吃的无糖糖有吗,1,该用户有控糖需求，想购买无糖或代糖类产品。
elslk001,美食饮料,你们俄语歌能来一段吗,0,该用户希望主播表演唱歌，属于娱乐互动。
elslk001,美食饮料,上点好吃的饼干推荐,1,该用户希望主播推荐口碑饼干并上架。
DLT1111DLT,美食饮料,耳钉有没有小一点的,1,该用户对尺寸有偏好，想要更小款式的耳钉。
DLT1111DLT,美食饮料,牛逼牛逼牛逼,0,该用户情绪化夸赞，偏互动宣泄。
DLT1111DLT,美食饮料,九块九包邮,0,该用户强调极低价包邮诉求，属于价格氛围型互动。
elslk001,美食饮料,别那么拘束穿短袖就行,0,该用户建议主播放松穿着，属于互动关心。
elslk001,美食饮料,这个是脆的还是软的,1,该用户在意口感属性，询问产品质地以匹配偏好。
elslk001,美食饮料,开空调吧看你热的,0,该用户在调侃直播环境太热，非商品相关。
elslk001,美食饮料,中文说得也太溜了吧\[赞],0,该用户在夸赞主播中文水平，属于互动赞美而非购物咨询。
DLT1111DLT,美食饮料,九块九玛瑙的不是玉吧,1,该用户关注材质真伪并考虑购买低价玛瑙类商品。
elslk001,美食饮料,别下播啊我还没看够,0,该用户希望直播继续，属于互动需求而非购物信息。
elslk001,美食饮料,3号链接还有库存吗,1,该用户在抢购场景下确认商品是否还有货。
DLT1111DLT,美食饮料,会有傻子相信主播吗,0,该用户带讽刺质疑语气，属于情绪化评论。
elslk001,美食饮料,包装上有中文配料表吗,1,该用户担心看不懂外文标签，要求中文配料信息。
DLT1111DLT,美食饮料,让她痛╯﹏╰疼,0,该用户用夸张语气起哄调侃，属于娱乐互动而非商品咨询。
elslk001,美食饮料,你语文学得真好,0,该用户夸赞主播表达能力，非商品相关。
DLT1111DLT,美食饮料,上车上车上车,1,该用户强烈催促上链接开售，属于典型下单号召型弹幕。
elslk001,美食饮料,买多件能不能便宜点,1,该用户有明确议价诉求，希望通过多买获得优惠。
elslk001,美食饮料,你是不是东北的哈哈,0,该用户猜测主播地域背景，偏闲聊。
elslk001,美食饮料,哪儿发货大概几天到,1,该用户关心发货地和时效以决定是否下单。
DLT1111DLT,美食饮料,梁总喝点热水别喊哑了,0,该用户关心主播嗓子状态，属于互动提醒。
elslk001,美食饮料,能不能拍两包试吃装,1,该用户希望以小量试购的方式降低购买风险。
elslk001,美食饮料,你是不是中国人戴面具哈哈,0,该用户用玩笑猜测主播身份，偏娱乐闲聊。
elslk001,美食饮料,你会不会俄语呀,0,该用户对主播语言背景好奇，属于闲聊提问。
elslk001,美食饮料,能不能现场试吃一下2号,1,该用户希望主播试吃展示以验证口感提升购买信心。
DLT1111DLT,美食饮料,别骂人了影响心情,0,该用户劝阻争吵，属于直播秩序类闲聊。
elslk001,美食饮料,2号糖孩子能吃吗,1,该用户关心儿童安全性，询问适用人群。
elslk001,美食饮料,别太紧绷放松点,0,该用户安抚主播情绪，属于互动关心。
elslk001,美食饮料,南方潮湿会不会受潮,1,该用户担心储存环境影响品质，询问防潮表现。
DLT1111DLT,美食饮料,你们别刷屏了我眼花,0,该用户吐槽刷屏过多影响观看体验，属于闲聊抱怨。
elslk001,美食饮料,无糖威化甜不甜,1,该用户想确认无糖产品口味是否可接受再决定购买。
elslk001,美食饮料,哈哈哈这直播太逗了,0,该用户表达被逗乐的情绪，属于氛围弹幕。
elslk001,美食饮料,第一次来买啥最划算,1,该用户作为新观众希望主播推荐性价比最高的入门款商品。
DLT1111DLT,美食饮料,狠点儿优惠我就拍,1,该用户以降价为条件表达明确的下单意向。
elslk001,美食饮料,你看得懂中文弹幕吗,0,该用户确认沟通能力，偏互动聊天。
elslk001,美食饮料,配料表里有代可可脂吗,1,该用户关注巧克力原料真伪，担心使用代可可脂影响品质。
DLT1111DLT,美食饮料,这口音太有喜感了,0,该用户评价口音有趣，属于聊天互动。
elslk001,美食饮料,黑巧多少可可含量,1,该用户在购买前想确认黑巧克力的可可含量以判断口味与健康属性。
elslk001,美食饮料,别紧张呀满头汗了,0,该用户关心主播情绪和状态，属于闲聊式互动。
elslk001,美食饮料,这批生产日期新吗,1,该用户关注生产日期新鲜度，避免买到日期太老的商品。
DLT1111DLT,美食饮料,直播间太热闹了,0,该用户在评价氛围热闹，属于闲聊。
elslk001,美食饮料,支持主播辛苦了老板加鸡腿,0,该用户鼓励主播辛苦付出，属于闲聊式支持。
elslk001,美食饮料,孕妇吃这个可以吗,1,该用户询问产品是否适合孕期人群食用以评估安全性。
elslk001,美食饮料,哪里发货大概几天到,1,该用户关心发货地和时效以决定是否下单。
DLT1111DLT,美食饮料,榜一是谁啊我来围观,0,该用户关注榜单热度，属于闲聊围观。
elslk001,美食饮料,有提拉米苏吗多少钱,1,该用户点名想买提拉米苏并询价。
elslk001,美食饮料,今天人好多啊,0,该用户感叹直播间人数，属于闲聊。
elslk001,美食饮料,给孩子吃的软糖推荐哪个,1,该用户希望主播推荐适合儿童的糖果并关注安全与口感。
DLT1111DLT,美食饮料,梁总今天太霸气了,0,该用户夸赞主播气场，偏情绪互动。
elslk001,美食饮料,哈哈我来凑个热闹,0,该用户表示围观参与，属于闲聊。
elslk001,美食饮料,有纯黑不加糖的吗,1,该用户明确寻找无糖纯黑巧克力以满足减脂需求。
elslk001,美食饮料,香蕉味那个还有吗,1,该用户询问某款香蕉口味商品是否仍有库存。
elslk001,美食饮料,打光太强了眼睛疼,0,该用户吐槽直播灯光体验，非购买咨询。
DLT1111DLT,美食饮料,点赞走一波,0,该用户号召互动点赞，属于氛围弹幕。
elslk001,美食饮料,你们这直播像相声,0,该用户把直播比作相声，属于闲聊评价。
DLT1111DLT,美食饮料,话太多了哈哈哈,0,该用户吐槽主播话多，属于闲聊调侃。
elslk001,美食饮料,哈哈你们一个个大胖子,0,该用户用玩笑活跃气氛，非商品咨询。
elslk001,美食饮料,能不能说下口味区别,1,该用户需要口味对比信息以便挑选合适款。
elslk001,美食饮料,有没有巧克力酱能抹面包,1,该用户需要巧克力酱用途明确，询问是否售卖。
elslk001,美食饮料,我朋友都说你很可爱,0,该用户夸赞主播形象，非商品咨询。
DLT1111DLT,美食饮料,别停别停继续说,0,该用户希望主播继续聊天/展示，偏互动。
elslk001,美食饮料,小块分装的巧克力有吗,1,该用户希望小块分装便于控量与携带。
elslk001,美食饮料,哈喽柯罗文晚上好,0,该用户礼貌打招呼，属于聊天互动内容。
DLT1111DLT,美食饮料,我就来听个乐呵,0,该用户表明以娱乐为主观看，非购物诉求。
elslk001,美食饮料,哈哈哈你们又开始起哄了,0,该用户在描述观众起哄场景，偏闲聊。
elslk001,美食饮料,想买送礼哪个包装体面,1,该用户以送礼为目的，询问哪款包装更适合。
DLT1111DLT,美食饮料,九块九的项链还有吗,1,该用户对低价项链感兴趣，询问库存以便下单。
DLT1111DLT,美食饮料,欢迎江总大恩人,0,该用户热情欢迎主播/嘉宾，属于氛围互动。
elslk001,美食饮料,这款威化保质期到什么时候,1,该用户在下单前核对保质期以避免买到临期产品。
elslk001,美食饮料,新疆人吗哈哈哈哈,0,该用户调侃主播口音或身份，偏社交闲聊。
DLT1111DLT,美食饮料,珍珠项链有证书吗,1,该用户购买珠宝前想确认是否附带鉴定证书。
elslk001,美食饮料,你们别吵我听不清,0,该用户抱怨弹幕吵闹影响观看，非商品咨询。
elslk001,美食饮料,这个巧克力是流心的吗,1,该用户对流心口感有偏好，询问是否为该款式。
elslk001,美食饮料,你鼻尖那是巧克力吗\[捂脸],0,该用户以调侃方式提问主播状态，偏娱乐互动。
DLT1111DLT,美食饮料,要金色款的耳环有吗,1,该用户明确提出款式与颜色偏好，询问是否有货。
DLT1111DLT,美食饮料,我就爱看你们唠嗑,0,该用户表达观看偏好，属于互动闲聊。
elslk001,美食饮料,有没有咖啡或者可可粉,1,该用户希望直播间补充饮品类商品并表达购买需求.
DLT1111DLT,美食饮料,你们这也太能整活了,0,该用户夸张评价直播效果，属于娱乐互动。
DLT1111DLT,美食饮料,男戒上链接看看,1,该用户想购买男士戒指，催促上架并展示细节。
elslk001,美食饮料,开空调吧我看你热的,0,该用户调侃环境闷热，偏互动闲聊。
DLT1111DLT,美食饮料,我就来凑热闹不买也开心,0,该用户表明以娱乐围观为主，属于闲聊。
elslk001,美食饮料,无糖威化日期新不新,1,该用户在购买前关注无糖威化生产日期与新鲜度。
DLT1111DLT,美食饮料,这玛瑙真的是九块九包邮吗,1,该用户在确认超低价促销条件并表达购买意向。
DLT1111DLT,美食饮料,能上手试戴一下项链吗,1,该用户希望看到佩戴效果以判断尺寸和风格。
DLT1111DLT,美食饮料,我就爱看你们吵吵闹闹,0,该用户表达对热闹氛围的偏好，属于闲聊。
DLT1111DLT,美食饮料,你们别刷屏了我眼花,0,该用户吐槽刷屏影响观看体验，属于闲聊抱怨。
DLT1111DLT,美食饮料,会有傻子相信主播吗,0,该用户在质疑主播宣传可信度属于情绪化吐槽
DLT1111DLT,美食饮料,九块九上车快点,1,该用户明确想参与9块9促销准备下单
DLT1111DLT,美食饮料,梁总休息一下吧,0,该用户关心主播状态提醒适当休息
DLT1111DLT,美食饮料,耳钉上链接我就拍,1,该用户等待链接并表达立即购买意愿
DLT1111DLT,美食饮料,卡了卡了画面卡住了,0,该用户反馈直播卡顿影响观看
DLT1111DLT,美食饮料,伊人们冲冲冲,0,该用户跟风带节奏烘托抢购氛围
DLT1111DLT,美食饮料,项链还有吗我想要,1,该用户询问库存并表达购买需求
DLT1111DLT,美食饮料,小梁总喝点热水,0,该用户以关心口吻提醒主播注意身体
DLT1111DLT,美食饮料,淡水珍珠那条链接发一下,1,该用户索要具体链接准备下单
DLT1111DLT,美食饮料,别刷屏了我眼睛都花了,0,该用户抱怨弹幕过密属于闲聊吐槽
DLT1111DLT,美食饮料,玻璃的也行我买来玩,1,该用户接受替代材质并愿意购买
DLT1111DLT,美食饮料,独立团牛逼,0,该用户刷口号表达支持与兴奋
DLT1111DLT,美食饮料,能发新疆吗能发我就拍,1,该用户以发货地区为条件表达购买意向
DLT1111DLT,美食饮料,今晚太热闹了哈哈哈,0,该用户在评价直播氛围属于闲聊
DLT1111DLT,美食饮料,这款是纯金的吗,1,该用户询问材质真伪以决定购买
DLT1111DLT,美食饮料,没车了我没抢到,0,该用户表达售罄遗憾偏情绪反馈
DLT1111DLT,美食饮料,便宜点我就下单两件,1,该用户议价并透露多件购买倾向
DLT1111DLT,美食饮料,小萌今天状态真好,0,该用户夸赞主播表现属于互动
DLT1111DLT,美食饮料,链子啥材质会过敏吗,1,该用户关注过敏风险属于购买前咨询
DLT1111DLT,美食饮料,别吵了听不清讲解,0,该用户希望降低干扰属于闲聊反馈
DLT1111DLT,美食饮料,上耳环我要金色的,1,该用户指定品类与颜色表现购买意向
DLT1111DLT,美食饮料,伊人们点红心别停,0,该用户带动互动点赞提升热度
DLT1111DLT,美食饮料,珍珠项链太好看了给我拍,1,该用户被外观吸引并表达下单意愿
DLT1111DLT,美食饮料,你们别带节奏了,0,该用户反感带节奏希望维持秩序
DLT1111DLT,美食饮料,库存还剩多少,1,该用户确认库存以判断是否立刻购买
DLT1111DLT,美食饮料,梁总嗓子还好吗,0,该用户关心主播身体属于闲聊互动
DLT1111DLT,美食饮料,给个券入口我去领券,1,该用户主动找优惠券准备购买
DLT1111DLT,美食饮料,我来晚了发生啥了,0,该用户询问直播进度属于闲聊
DLT1111DLT,美食饮料,玛瑙项链能再降点吗,1,该用户对价格敏感并在议价
DLT1111DLT,美食饮料,伊人们别骂了影响心情,0,该用户劝和维护氛围
DLT1111DLT,美食饮料,有男士款吗给老公买,1,该用户明确购买对象并询问男款
DLT1111DLT,美食饮料,主播说话太快了,0,该用户吐槽节奏属于闲聊
DLT1111DLT,美食饮料,这批有鉴定书吗,1,该用户关注证书保障以增强购买信心
DLT1111DLT,美食饮料,我先去倒水一会回来,0,该用户表达暂离属于闲聊
DLT1111DLT,美食饮料,耳坠试戴一下我再拍,1,该用户需要试戴展示后决定购买
DLT1111DLT,美食饮料,你们喊冲冲冲像打仗,0,该用户调侃口号氛围属于闲聊
DLT1111DLT,美食饮料,上车了我再加一条,1,该用户已下单并愿意加购
DLT1111DLT,美食饮料,管理员辛苦了,0,该用户对管理表示体谅
DLT1111DLT,美食饮料,项链长度多少是锁骨链吗,1,该用户询问规格以判断是否购买
DLT1111DLT,美食饮料,今天比昨天还吵,0,该用户对比吐槽属于闲聊
DLT1111DLT,美食饮料,补货吧我刚点进去就没了,1,该用户抢购失败强烈希望补货购买
DLT1111DLT,美食饮料,我就看看不买也开心,0,该用户表明围观心态属于闲聊
DLT1111DLT,美食饮料,玻璃球也给我来一个,1,该用户认可低价小件愿意购买
DLT1111DLT,美食饮料,这直播像相声专场,0,该用户调侃直播风格属于闲聊
DLT1111DLT,美食饮料,九块九还能拍吗,1,该用户确认价格有效性准备下单
DLT1111DLT,美食饮料,别刷九块九了我头大,0,该用户吐槽重复弹幕属于闲聊
DLT1111DLT,美食饮料,我要小号的哪个最小,1,该用户有尺寸需求并准备购买
DLT1111DLT,美食饮料,你们先抢我先看戏,0,该用户以围观为主属于闲聊
DLT1111DLT,美食饮料,有活口的吗我手腕细,1,该用户关注可调节设计属于购买前咨询
DLT1111DLT,美食饮料,别骂人了能不能踢出去,0,该用户反感喷子要求管理维持秩序
DLT1111DLT,美食饮料,这款是不是纯银的,1,该用户核实材质以决定是否购买
DLT1111DLT,美食饮料,我手机都被震热了,0,该用户夸张吐槽刷屏属于闲聊
DLT1111DLT,美食饮料,给我来个爆款项链,1,该用户想买爆款并请求上链接
DLT1111DLT,美食饮料,小萌妆真好看,0,该用户夸赞主播形象属于闲聊互动
DLT1111DLT,美食饮料,能不能两件包邮,1,该用户提出包邮诉求以促成购买
DLT1111DLT,美食饮料,我笑到肚子疼,0,该用户被逗乐属于情绪互动
DLT1111DLT,美食饮料,同款耳钉配套项链有吗,1,该用户有套装需求并考虑购买
DLT1111DLT,美食饮料,弹幕太多我看不清了,0,该用户吐槽信息干扰属于闲聊
DLT1111DLT,美食饮料,别下架我正在付款,1,该用户处于支付流程中担心失去购买机会
DLT1111DLT,美食饮料,伊人们别急手速慢也别喷,0,该用户劝大家冷静属于闲聊
DLT1111DLT,美食饮料,上男戒我想看尺码,1,该用户点名要男戒并有购买倾向
DLT1111DLT,美食饮料,今天谁是榜一我看看,0,该用户关注榜单热度属于闲聊
DLT1111DLT,美食饮料,送礼能配礼盒包装吗,1,该用户以送礼需求咨询后可能购买
DLT1111DLT,美食饮料,别停播我还没看够,0,该用户希望直播继续属于互动
DLT1111DLT,美食饮料,上翡翠别上玛瑙,1,该用户表达品类偏好并有购买倾向
DLT1111DLT,美食饮料,这节奏太快我跟不上,0,该用户反馈节奏问题属于闲聊
DLT1111DLT,美食饮料,我拍三件直接冲,1,该用户计划多件购买意愿强
DLT1111DLT,美食饮料,你们别刷屏我想看讲解,0,该用户希望减少刷屏属于闲聊反馈
DLT1111DLT,美食饮料,链接发一下我找不到,1,该用户寻找购买入口意图下单
DLT1111DLT,美食饮料,独立团必胜,0,该用户口号式支持属于互动
DLT1111DLT,美食饮料,这算盘啥材质我想买,1,该用户对商品细节提问并表达购买意向
DLT1111DLT,美食饮料,我就爱看你们唠嗑,0,该用户偏娱乐观看属于闲聊
DLT1111DLT,美食饮料,小萌脖子那条同款链接,1,该用户想买同款并索要链接
DLT1111DLT,美食饮料,有赠品吗送个备用扣,1,该用户提出附赠需求以提升购买价值
DLT1111DLT,美食饮料,我撤了明天再来,0,该用户表达离开直播间属于闲聊收尾
DLT1111DLT,美食饮料,上车上车别磨叽,1,该用户催促开售并表达购买冲动
DLT1111DLT,美食饮料,伊人们别吵我耳朵疼,0,该用户抱怨嘈杂属于闲聊
DLT1111DLT,美食饮料,真货我就拍五条,1,该用户以真伪为前提表达大量购买意向
DLT1111DLT,美食饮料,有人一直喷能不能管管,0,该用户要求管理干预维护氛围
DLT1111DLT,美食饮料,太好看了给我来一条,1,该用户被外观吸引表现出购买意向
DLT1111DLT,美食饮料,你们太卷了我都紧张,0,该用户被抢购氛围带动属于闲聊
DLT1111DLT,美食饮料,耳环不过敏材质有吗,1,该用户关注材质安全属于购买前咨询
DLT1111DLT,美食饮料,我不买也不妨碍我看热闹,0,该用户围观心态明显属于闲聊
DLT1111DLT,美食饮料,快补车我还想拍一件,1,该用户希望补货以完成购买
DLT1111DLT,美食饮料,主播太能说了哈哈,0,该用户调侃主播表达互动情绪
DLT1111DLT,美食饮料,九块九我直接冲两条,1,该用户对低价认可并准备多件下单
DLT1111DLT,美食饮料,别吵了我想安静看展示,0,该用户希望减少干扰属于闲聊反馈
DLT1111DLT,美食饮料,我想要那条珍珠别换款,1,该用户锁定具体商品并表达购买决心
DLT1111DLT,美食饮料,我来打个招呼晚上好,0,该用户礼貌问候属于闲聊
DLT1111DLT,美食饮料,能不能再便宜一点点,1,该用户议价行为明显属于购买倾向
DLT1111DLT,美食饮料,你们别喷了我看着累,0,该用户反感争吵属于闲聊
DLT1111DLT,美食饮料,有男款项链吗我想看看,1,该用户询问男款并存在购买意向
DLT1111DLT,美食饮料,今天这梗我听懂了,0,该用户回应直播梗属于互动闲聊
DLT1111DLT,美食饮料,我已经领券准备拍了,1,该用户完成领券动作准备购买
DLT1111DLT,美食饮料,画面又卡了重连一下,0,该用户反馈技术问题属于闲聊
DLT1111DLT,美食饮料,这条链子更细一点有吗,1,该用户提出规格偏好并希望购买
DLT1111DLT,美食饮料,我先去忙会儿一会再看,0,该用户表达暂离属于闲聊
DLT1111DLT,美食饮料,没链接我没法下单呀,1,该用户因入口缺失受阻但购买意愿明确
DLT1111DLT,美食饮料,伊人们别刷了让我看清楚,0,该用户希望减少刷屏属于闲聊反馈
DLT1111DLT,美食饮料,再上一次链接我立刻拍,1,该用户希望主播重新上架购买链接并表达立即下单的强烈意愿
DLT1111DLT,美食饮料,这款茶好适合秋天喝,0,该用户根据季节特征分享自己对茶叶的偏好，增加互动性。
DLT1111DLT,美食饮料,限时抢购，不容错过,1,该用户提醒观众当前商品有限，激发购买欲望。
DLT1111DLT,美食饮料,大家都来一起抢,1,该用户鼓励观众参与抢购，增加互动。
DLT1111DLT,美食饮料,这个口味好浓,0,该用户分享自己对茶品的感受，引发其他观众讨论。
DLT1111DLT,美食饮料,这款颜色真好看,0,该用户分享自己对茶叶包装的喜好，增加互动。
DLT1111DLT,美食饮料,再等就没有了,1,该用户提醒观众抓住限时机会，增加购买紧迫感。
DLT1111DLT,美食饮料,好想再买几瓶,0,该用户分享对当前商品的喜爱，并计划继续购买。
DLT1111DLT,美食饮料,错过今天等一年,1,该用户利用时间限制营造紧张氛围，促进购买。
DLT1111DLT,美食饮料,这个我已经用过了，效果不错,0,该用户分享个人经验，增加信任感和互动。
DLT1111DLT,美食饮料,家人们，一起来！,1,该用户通过邀请家人来购买，激发更多人参与。
DLT1111DLT,美食饮料,今天怎么这么多人呀,0,该用户调侃直播间的观众人数，增加气氛。
DLT1111DLT,美食饮料,大家喜欢什么样的茶具,0,该用户提出问题，引导观众讨论茶具偏好。
DLT1111DLT,美食饮料,下单即送好礼,1,该用户提到购买附赠好礼，诱导观众立即下单。
DLT1111DLT,美食饮料,超值优惠，错过就没有,1,该用户强调优惠的有限性，增加购买动力。
DLT1111DLT,美食饮料,心动不如行动，快来抢购,1,该用户通过行动号召引导观众立即购买。
DLT1111DLT,美食饮料,有没有人喜欢这款颜色,0,该用户询问观众对颜色的喜好，增加互动。
DLT1111DLT,美食饮料,再不下单就没有了,1,该用户提醒观众商品即将售完，促使观众立刻购买。
DLT1111DLT,美食饮料,这款我已经抢了，快来,1,该用户展示自己已抢购的状态，激励其他观众参与。
DLT1111DLT,美食饮料,赶紧下单，价格不会再有,1,该用户提醒观众商品价格的优惠，促使购买。
DLT1111DLT,美食饮料,我真的是爱上这款了,0,该用户分享对商品的强烈喜爱，激发其他观众的兴趣。
DLT1111DLT,美食饮料,卖光了再后悔,1,该用户通过提醒商品将售完，制造购买的紧迫感。
DLT1111DLT,美食饮料,大家都在吃什么啊,0,该用户提问并引导观众分享自己的美食经验。
DLT1111DLT,美食饮料,这款真的是太棒了,0,该用户分享自己对商品的真实体验，增加互动。
DLT1111DLT,美食饮料,超值秒杀，速来,1,该用户通过秒杀活动吸引观众立刻参与购买。
DLT1111DLT,美食饮料,这款茶好像有点回甘,0,该用户分享个人的饮品体验，促进观众讨论。
DLT1111DLT,美食饮料,再等就没了，快抢,1,该用户提醒观众抓紧时间，激发购买欲望。
DLT1111DLT,美食饮料,抢到就是赚到,1,该用户用“赚到”词汇增强购买的吸引力。
DLT1111DLT,美食饮料,限时抢购，错过等明年,1,该用户提醒观众错过机会可能要等明年，增加紧迫感。
DLT1111DLT,美食饮料,快来抢！限时抢购,1,该用户通过限时抢购来刺激观众购买。
DLT1111DLT,美食饮料,这款颜色挺适合春天的,0,该用户根据季节特点分享自己对商品的感受。
DLT1111DLT,美食饮料,今天下单，明天就到,1,该用户通过快速配送服务吸引观众购买。
DLT1111DLT,美食饮料,这款真的是太可爱了,0,该用户分享自己对商品外观的喜爱，引发互动。
DLT1111DLT,美食饮料,库存有限，赶紧入手,1,该用户通过提醒库存有限来刺激购买行为。
DLT1111DLT,美食饮料,有没有人想尝试新口味的茶,0,该用户提问并邀请观众讨论新口味的茶。
DLT1111DLT,美食饮料,全场特价，错过等明年,1,该用户通过全场特价促销来吸引观众参与购买。
DLT1111DLT,美食饮料,这款茶口感特别好,0,该用户分享自己对茶叶口感的评价，激发讨论。
DLT1111DLT,美食饮料,这款茶具看着太精致了,0,该用户分享自己对茶具外观的喜爱，引发观众讨论。
DLT1111DLT,美食饮料,抢到就是赚到,1,该用户通过抢购的方式激励观众参与，增加紧迫感。
DLT1111DLT,美食饮料,这个口味真的很棒,0,该用户分享对茶品的评价，促进互动。
DLT1111DLT,美食饮料,错过今天等一年,1,该用户通过强调限时性，增加观众的购买紧迫感。
DLT1111DLT,美食饮料,今天好热啊,0,该用户与观众分享天气，增加亲切感。
DLT1111DLT,美食饮料,快快快，马上就要没了,1,该用户提醒观众商品即将售完，促进紧急购买。
DLT1111DLT,美食饮料,这个我已经用过了，效果不错,0,该用户分享使用体验，增加信任感。
DLT1111DLT,美食饮料,立马上车，错过等一年,1,该用户通过强调时间限制，促进观众尽快下单。
DLT1111DLT,美食饮料,再不下单就没有了,1,该用户提醒商品数量有限，促使观众立即购买。
DLT1111DLT,美食饮料,大家都来聊聊呀,0,该用户发起讨论，促进观众间的互动。
DLT1111DLT,美食饮料,快来抢！限时抢购,1,该用户通过限时抢购来吸引观众注意，促使购买。
DLT1111DLT,美食饮料,这款口味好浓,0,该用户分享自己对茶品的感受，增加互动性。
DLT1111DLT,美食饮料,你们都在买什么呀,0,该用户发起讨论，引导观众分享购物经验。
DLT1111DLT,美食饮料,超低价，不买可惜,1,该用户通过价格诱惑激发观众购买欲望。
DLT1111DLT,美食饮料,大家今天都吃了什么,0,该用户通过提问引导观众分享各自的餐食，增加互动。
DLT1111DLT,美食饮料,这款茶口感清新，喝了很舒服,0,该用户分享自己对茶品的口感评价，引发其他观众的讨论。
DLT1111DLT,美食饮料,错过今天再等一年,1,该用户通过限时促销信息来激发购买欲望。
DLT1111DLT,美食饮料,大家抢了吗，超值优惠,1,该用户提醒观众目前有优惠活动，鼓励大家参与抢购。
DLT1111DLT,美食饮料,大家都喜欢这款吗,0,该用户通过提问让观众参与讨论茶品的喜好。
DLT1111DLT,美食饮料,还有多少瓶，大家看一下,0,该用户提醒观众查看库存，制造紧张感。
DLT1111DLT,美食饮料,这款真的物超所值,0,该用户分享对商品的好评，吸引其他观众的兴趣。
DLT1111DLT,美食饮料,限时活动快来抢,1,该用户利用时间限制促使观众立即购买。
DLT1111DLT,美食饮料,买了以后送什么啊,0,该用户提问关于购买后附赠的商品，增加互动。
DLT1111DLT,美食饮料,这些茶叶的包装真漂亮,0,该用户分享对茶叶包装的喜爱，引发讨论。
DLT1111DLT,美食饮料,这款茶的香味很特别,0,该用户分享自己对茶香的评价，吸引其他观众参与讨论。
DLT1111DLT,美食饮料,这款口味特别适合下午茶,0,该用户结合具体时间段分享自己对茶品的偏好，激发共鸣。
DLT1111DLT,美食饮料,快抢啊，这种优惠很难得,1,该用户通过强调优惠的稀缺性促使观众迅速行动。
DLT1111DLT,美食饮料,我已经下单了，大家还等什么,1,该用户通过分享自己下单的情况，鼓励其他观众跟进。
DLT1111DLT,美食饮料,大家觉得这款颜色怎么样,0,该用户提问，增加观众之间的互动。
DLT1111DLT,美食饮料,超级好喝，强烈推荐,1,该用户推荐商品，激发其他观众的购买兴趣。
DLT1111DLT,美食饮料,这个价格是不是太划算了,1,该用户通过价格优势吸引观众购买。
DLT1111DLT,美食饮料,大家喜欢什么茶口味呢,0,该用户提出问题，激发观众分享自己的茶品口味偏好。
DLT1111DLT,美食饮料,这款茶口感醇厚,0,该用户分享自己对茶品的味道评价，引发讨论。
DLT1111DLT,美食饮料,限时特价，再不抢就没了,1,该用户提醒观众特价优惠即将结束，促使观众尽快下单。
DLT1111DLT,美食饮料,还剩最后几瓶了,1,该用户提醒库存有限，增强购买的紧迫感。
DLT1111DLT,美食饮料,我喜欢这种清新口感的茶,0,该用户分享自己对茶品的偏好，引发观众讨论。
DLT1111DLT,美食饮料,快来抢购限时折扣,1,该用户通过限时折扣吸引观众购买。
DLT1111DLT,美食饮料,大家都抢到这款了吗,0,该用户提问，增加与观众的互动。
DLT1111DLT,美食饮料,喝上一口，清爽提神,0,该用户分享自己对茶品口感的真实感受，激发观众兴趣。
DLT1111DLT,美食饮料,只剩最后几分钟了，快来,1,该用户通过限时倒计时增加紧迫感，促进观众购买。
DLT1111DLT,美食饮料,大家今天来抢什么商品了,0,该用户提问，让观众分享自己抢购的商品，增加互动。
DLT1111DLT,美食饮料,这个口味让人回味无穷,0,该用户分享自己对茶品的感受，引发其他观众讨论。
DLT1111DLT,美食饮料,这款超适合秋冬季节喝,0,该用户根据季节特点分享对茶品的喜好，增加互动性。
DLT1111DLT,美食饮料,这款我已经喝了好几瓶了,0,该用户分享自己对商品的喜爱，并推荐给其他观众。
DLT1111DLT,美食饮料,这个价格太诱人了,1,该用户强调价格优势，吸引观众立即下单。
DLT1111DLT,美食饮料,这是我最喜欢的口味,0,该用户分享自己最喜欢的茶品口味，引发其他观众讨论。
DLT1111DLT,美食饮料,抢到就是赚到,1,该用户通过抢购活动刺激观众的购买欲望。
DLT1111DLT,美食饮料,家里人已经都买了,1,该用户通过分享自己家庭成员的购买，鼓励观众参与。
DLT1111DLT,美食饮料,下单前别忘了查看优惠券,1,该用户提醒观众在下单前检查是否有优惠券，促进消费。
DLT1111DLT,美食饮料,这款真的是超级好喝,0,该用户分享自己对商品的好评，增加互动和讨论。
DLT1111DLT,美食饮料,每次喝都有新惊喜,0,该用户分享自己对商品的喜爱，吸引其他观众的兴趣。
DLT1111DLT,美食饮料,这款口感层次丰富,0,该用户分享自己对茶品口感的深度评价，引发讨论。
DLT1111DLT,美食饮料,我已经喝了很多瓶了,0,该用户分享自己对商品的喜爱，并推荐给其他观众。
DLT1111DLT,美食饮料,大家有没有喝过这个品牌的其他茶,0,该用户通过提问引导观众分享更多品牌体验。
DLT1111DLT,美食饮料,今天正好打折，快来抢,1,该用户利用打折活动增加购买的诱惑力。
DLT1111DLT,美食饮料,每次喝这款都觉得特别放松,0,该用户分享自己对商品的感受，促进其他观众讨论。
DLT1111DLT,美食饮料,只剩最后几瓶了，快来,1,该用户通过提醒库存有限增加购买紧迫感。
DLT1111DLT,美食饮料,这款茶的香气真好,0,该用户分享自己对茶品香气的喜爱，引发讨论。
DLT1111DLT,美食饮料,大家都来参与，优惠多多,1,该用户通过邀请大家参与活动，增加观众购买兴趣。
DLT1111DLT,美食饮料,我给朋友推荐了这个茶,0,该用户分享自己推荐商品给朋友的行为，激发他人兴趣。
DLT1111DLT,美食饮料,这款真的是回味无穷,0,该用户分享自己对商品的喜爱，引发讨论。
DLT1111DLT,美食饮料,这款是我最近最爱的,0,该用户分享自己当前最喜爱的商品，增加互动。
DLT1111DLT,美食饮料,这款茶我喝了很久了,0,该用户分享自己对商品的长期喜爱，引发观众的兴趣。
DLT1111DLT,美食饮料,这款茶特别提神,0,该用户分享自己对茶品效果的评价，激发讨论。
WYSERDAN,美食饮料,茉莉用量少一盒会泡到天荒地老吗,0,该用户询问茉莉茶的用量是否很省，表示对商品的使用寿命产生疑问。
WYSERDAN,美食饮料,今天播完就不送小黄盖碗了吗,1,该用户询问赠品活动是否会在直播结束后截止，表现出对获取赠品的急切关注和购买意愿。
WYSERDAN,美食饮料,粉苹果是岩茶吗?,1,该用户询问“粉苹果”是否属于岩茶类别，表现出对茶品分类或特性的兴趣。
WYSERDAN,美食饮料,公道杯,1,该用户询问关于“草木灰”公道杯的上架信息，显示出对该商品的关注。
WYSERDAN,美食饮料,这个可以上么,1,该用户询问当前展示商品是否会上架或开放购买。
WYSERDAN,美食饮料,现在都开始321了,0,该用户提到直播中的倒计时环节已经开始，增加互动气氛。
WYSERDAN,美食饮料,小狗水仙后面还会上吗?只剩两包不舍得喝了,1,该用户担心小狗水仙会断货，询问是否会补货。
WYSERDAN,美食饮料,怕不能放那么久吗,0,该用户疑问商品的保质期或存放时间是否足够长。
WYSERDAN,美食饮料,小表弟进步了,0,该用户调侃直播间的进展，表现出轻松幽默的互动氛围。
WYSERDAN,美食饮料,漳平水仙还有吗,1,该用户询问是否还有漳平水仙这款茶叶的库存。
WYSERDAN,美食饮料,这个草木灰的公道可以上么,1,该用户再次询问草木灰公道杯的上架信息。
WYSERDAN,美食饮料,百瑞香链接在哪,1,该用户急切询问百瑞香的购买链接，显示出购买意向。
WYSERDAN,美食饮料,公道杯没买上,1,该用户表示错过了购买草木灰公道杯，表现出遗憾。
WYSERDAN,美食饮料,百瑞香链接,1,该用户询问百瑞香的购买链接，表现出明确的购买兴趣。
WYSERDAN,美食饮料,到底是谁买到了!,0,该用户调侃直播间抢购情况，表示未能购买到自己想要的商品。
WYSERDAN,美食饮料,高端漳平还有吗,1,该用户询问是否有高端漳平水仙茶的库存。
WYSERDAN,美食饮料,大红袍也是岩茶吗,1,该用户询问大红袍是否属于岩茶，显示出对岩茶分类的兴趣。
WYSERDAN,美食饮料,要百瑞香,1,该用户急切询问百瑞香何时能够上架或购买。
WYSERDAN,美食饮料,百瑞香上了吗,1,该用户询问百瑞香是否已经开始售卖。
WYSERDAN,美食饮料,这款香还是蓝波点香?,1,该用户询问这款茶与蓝波点的香气差异，表现出对茶香特性的好奇。
WYSERDAN,美食饮料,讲一下野路子,1,该用户希望主播介绍“野路子”这一非传统茶品或冲泡方法。
WYSERDAN,美食饮料,漳平水仙还有吗,1,该用户再次询问漳平水仙的库存情况。
WYSERDAN,美食饮料,咋买啊,1,该用户询问如何购买当前展示的商品。
WYSERDAN,美食饮料,小狗水仙没有了也讲讲吧,0,该用户希望主播即使商品售罄也能继续讲解其相关信息。
WYSERDAN,美食饮料,许愿中奖,0,该用户表达对直播抽奖活动的期待，希望能够获奖。
WYSERDAN,美食饮料,茉莉大盒还有嘛,1,该用户询问茉莉大盒是否还有库存，表现出购买意图。
WYSERDAN,美食饮料,希望能中中了明天买彩票,0,该用户调侃自己如果中奖就去买彩票，带有幽默和期待。
WYSERDAN,美食饮料,粉波点再上点五罐的吧,1,该用户希望补充五罐装粉波点，并期待更多库存。
WYSERDAN,美食饮料,"蛋总,小菜茶是什么茶",1,该用户询问小菜茶的品种或特性。
WYSERDAN,美食饮料,这个也29.9现在,0,该用户确认商品的实时价格为29.9元。
WYSERDAN,美食饮料,中奖好难,0,该用户感叹抽奖难度，表现出对未中奖的失望。
WYSERDAN,美食饮料,送盖碗的岩茶怎么样,1,该用户询问赠品盖碗与岩茶的搭配效果，表现出对组合商品的兴趣。
WYSERDAN,美食饮料,还有小壶吗,1,该用户询问直播间是否还有小容量茶壶的库存。
WYSERDAN,美食饮料,小壶卖完了吗,1,该用户询问小壶是否已售罄。
WYSERDAN,美食饮料,蛋总33号是啥,1,该用户询问33号商品具体是什么，表现出好奇和购买兴趣。
WYSERDAN,美食饮料,我喜欢盖碗岩茶,1,该用户对赠送盖碗的岩茶表现出兴趣。
WYSERDAN,美食饮料,超甜白茶是哪款?,1,该用户询问哪款白茶口感最甜，表现出对甜味茶品的兴趣。
WYSERDAN,美食饮料,2021绿波点的白牡丹是荒野的吗,1,该用户询问绿波点包装的白牡丹是否属于荒野茶品类。
WYSERDAN,美食饮料,还有其他白茶吗,1,该用户询问是否有更多白茶品种。
WYSERDAN,美食饮料,10号还能加吗,1,该用户询问10号商品是否能够补货或增加库存。
WYSERDAN,美食饮料,今天有福袋盲盒吗,0,该用户询问今天是否有抽奖或促销活动可以参与。
WYSERDAN,美食饮料,小奶壶,1,该用户询问直播间是否还有小奶壶的库存。
WYSERDAN,美食饮料,野路子是不是水仙,1,该用户询问“野路子”是否属于水仙类茶叶。
WYSERDAN,美食饮料,喜欢小肉桂的再推荐一个吧!!!!,1,该用户希望主播推荐类似小肉桂的茶品。
WYSERDAN,美食饮料,怎么泡,1,该用户询问如何冲泡直播中展示的茶叶。
WYSERDAN,美食饮料,白鸡观是什么,1,该用户询问白鸡观是否为正确的茶叶名称，表现出对茶品的兴趣。
WYSERDAN,美食饮料,33号呢,1,该用户询问33号商品的具体信息。
WYSERDAN,美食饮料,你们家一般618或双十一会有活动吗?,1,该用户询问商家是否会在特定促销时段推出优惠活动。
WYSERDAN,美食饮料,我听不了小菜茶想哭,0,该用户表达未能购买心仪商品的失落。
WYSERDAN,美食饮料,这几款只有体验装么,1,该用户询问当前展示的几款产品是否仅有试用装。
WYSERDAN,美食饮料,是岩茶吗,1,该用户询问某款茶叶是否属于岩茶。
WYSERDAN,美食饮料,野路子啥香型,1,该用户询问“野路子”茶叶的香型。
WYSERDAN,美食饮料,菜茶还能补货吗,1,该用户询问“菜茶”是否会再次上架。
WYSERDAN,美食饮料,小菜茶还会有吗,1,该用户询问是否会补货“小菜茶”。
WYSERDAN,美食饮料,哪个是水仙,1,该用户询问哪款产品属于水仙茶类。
WYSERDAN,美食饮料,野路子是啥香,1,该用户询问“野路子”茶的香型特征。
WYSERDAN,美食饮料,水仙都没了,1,该用户遗憾地表示水仙已经售罄。
WYSERDAN,美食饮料,25是啥呀,1,该用户询问直播中展示的编号为25的商品是什么。
WYSERDAN,美食饮料,我打错了喜欢小富贵的还推荐啥!!!,1,该用户表达对“富贵”系列产品的喜好并希望获取更多类似推荐。
WYSERDAN,美食饮料,小菜茶还会有吗,1,该用户询问“小菜茶”是否会重新补货。
WYSERDAN,美食饮料,繁花也没了,1,该用户表示繁花已售罄。
WYSERDAN,美食饮料,表弟看看小奶壶还有没有,1,该用户询问是否有库存小奶壶。
WYSERDAN,美食饮料,菜茶就是等级比寿眉高比牡丹低汤感有牡丹的鲜爽和寿眉的厚度,0,该用户描述菜茶的特点，表示对其品质的理解和兴趣。
WYSERDAN,美食饮料,蓝波点是什么茶,1,该用户询问蓝波点茶的种类或特点。
WYSERDAN,美食饮料,兰波点和粉苹果有点像,0,该用户在比较兰波点和粉苹果的相似性。
WYSERDAN,美食饮料,今天还有福袋吗,0,该用户询问直播间是否还会发放福袋。
WYSERDAN,美食饮料,到底是谁在中奖,0,该用户感叹抽奖的结果，暗示自己没有中奖。
WYSERDAN,美食饮料,到底是谁在中奖(.),0,该用户以轻松调侃的语气表达对抽奖结果的好奇。
WYSERDAN,美食饮料,没中qaq,0,该用户表达因未中奖而感到失落。
WYSERDAN,美食饮料,表弟看看还有别的茶具不,1,该用户询问是否有其他款式茶具可供购买。
WYSERDAN,美食饮料,没中奖+N,0,该用户感叹自己未中奖，表达失望情绪。
WYSERDAN,美食饮料,福袋还上吗,0,该用户询问是否会有更多福袋活动。
WYSERDAN,美食饮料,中了要去买彩票真的,0,该用户调侃自己若中奖会去买彩票，表达好运气的幽默。
WYSERDAN,美食饮料,"801个人里中一个,我怎么会",0,该用户表达对抽奖结果的失落和惊讶。
WYSERDAN,美食饮料,这个近一千人抽一个,0,该用户感叹抽奖的难度，表达对中奖机会微乎其微的无奈。
WYSERDAN,美食饮料,菜茶明后天也不补了吗,0,该用户询问菜茶是否会在接下来两天内补货。
WYSERDAN,美食饮料,雾隐盒子好好看,1,该用户表示对“雾隐盒子”的设计感到喜爱，表达了购买意向。
WYSERDAN,美食饮料,喜欢小富贵的罐子分波点可以用这个装嘛,1,该用户询问波点罐子是否适合装小富贵系列的产品。
WYSERDAN,美食饮料,和之前的正山小种有什么区别呀,1,该用户询问正山小种与其他茶品的差异，表现出对茶叶特性的好奇。
WYSERDAN,美食饮料,蜜桃奶香的5盒装还能补么,1,该用户询问蜜桃奶香5盒装是否补货。
WYSERDAN,美食饮料,"师傅别念了,快管不住自己的手",0,该用户表示自己快要忍不住下单，增加幽默气氛。
WYSERDAN,美食饮料,请抽中我,0,该用户期待自己能在抽奖中获胜。
WYSERDAN,美食饮料,继续当分母,0,该用户自嘲自己在抽奖中并没有太多希望，只是增加参与人数。
WYSERDAN,美食饮料,谁在中!,0,该用户好奇并询问抽奖的幸运得主是谁。
WYSERDAN,美食饮料,蛋总急着下班,0,该用户调侃主播的直播节奏很匆忙。
WYSERDAN,美食饮料,喜欢小富贵的罐子,1,该用户对“小富贵罐子”表示喜爱，暗示可能会购买。
WYSERDAN,美食饮料,我希望十分钟后我说我中了,0,该用户期待自己能在抽奖中幸运获胜。
WYSERDAN,美食饮料,中奖求求了,0,该用户急切希望自己能中奖。
WYSERDAN,美食饮料,还有茶具嚒,1,该用户询问是否有茶具商品可以购买。
WYSERDAN,美食饮料,福袋还上吗,0,该用户询问是否还会发放福袋。
WYSERDAN,美食饮料,我也想抽中,0,该用户希望自己也能中得抽奖奖品。
WYSERDAN,美食饮料,抽奖也没戏茶也抢不到,0,该用户感叹抽奖和抢购都没成功，流露失望情绪。
WYSERDAN,美食饮料,我终于下班了,0,该用户表示自己终于有时间参与直播互动。
WYSERDAN,美食饮料,"喜欢蜜兰香的茶,可以推荐下吗",1,该用户想了解蜜兰香茶的推荐信息。
WYSERDAN,美食饮料,已经不想听讲解了哈哈哈,0,该用户表示已经不再关注产品讲解，更倾向于参与购买或抽奖环节。
WYSERDAN,美食饮料,没货了啊,0,该用户因错过购买商品感到失望。
WYSERDAN,美食饮料,雾隐没了补么,1,该用户询问雾隐商品是否会补货。
WYSERDAN,美食饮料,希望抽中,0,该用户期待自己能抽中奖品。
WYSERDAN,美食饮料,白茶还有别的么,1,该用户询问是否有其他白茶可供选择。
WYSERDAN,美食饮料,没有了,0,该用户表示自己心仪的商品已经售罄。
174620970,美食饮料,今天终于能看直播了,0,该用户分享自己终于能看直播，表示开心。
174620970,美食饮料,这场直播真有意思，感觉每场都不一样,0,该用户对每场直播的内容多样性感到惊喜。
174620970,美食饮料,手撕牛肉干会发优惠券吗,1,该用户希望知道手撕牛肉干是否可以用优惠券，表达了优惠购买的需求。
174620970,美食饮料,今天直播的产品看起来都很好吃,0,该用户在赞赏直播中展示的美食产品。
174620970,美食饮料,这个口味有团购吗,1,该用户询问该商品是否有团购活动，打算参加。
174620970,美食饮料,这款牛肉干会补货吗,1,该用户是在询问直播间是否会补货该款牛肉干，表现出潜在购买意图。
174620970,美食饮料,每次看直播都觉得好有意思,0,该用户在分享自己每次观看直播时的感受。
174620970,美食饮料,有没有适合儿童的零食,1,该用户询问是否有适合儿童食用的零食。
174620970,美食饮料,今天有很多新产品上线，太多选择了,0,该用户在感叹今天的直播商品丰富多样。
174620970,美食饮料,这个产品是低卡的吗,1,该用户在询问该产品是否低卡，表示对健康饮食的关注。
174620970,美食饮料,看完直播，我已经迫不及待下单了,0,该用户表示观看直播后对商品产生了强烈购买欲望。
174620970,美食饮料,树莓口味的奶酪有售吗,1,该用户询问是否有树莓口味的奶酪出售。
174620970,美食饮料,今天直播的气氛好轻松，我也,0,该用户在分享自己对直播间气氛的喜爱。
174620970,美食饮料,这个商品真的很实用，我也想买,0,该用户对主播推荐的商品表示认同并透露购买意向。
174620970,美食饮料,今天我也来跟大家互动一下了,0,该用户表示自己参与了直播间的互动。
174620970,美食饮料,树莓的酸奶什么时候补货,1,该用户询问树莓口味的酸奶何时补货。
174620970,美食饮料,今天的天气真不错呀,0,该用户在感叹今天的天气很好，分享自己的心情。
174620970,美食饮料,这款奶油口味的冰淇淋补货了吗,1,该用户询问奶油口味冰淇淋是否已补货，表达购买需求。
174620970,美食饮料,有无糖奶酪吗,1,该用户在询问是否有无糖版本的奶酪，表现出对特定产品需求的关注。
174620970,美食饮料,看直播的时候总是忍不住想吃点零食,0,该用户在感叹看直播时总是有食欲。
174620970,美食饮料,这个口味有团购吗,1,该用户询问是否有团购优惠，表现出购买倾向。
174620970,美食饮料,今天晚上打算去哪里吃饭呀,0,该用户询问大家今晚的用餐计划。
174620970,美食饮料,手撕牛肉干会发优惠券吗,1,该用户希望知道手撕牛肉干是否可以用优惠券，表达了优惠购买的需求。
174620970,美食饮料,树莓干有大包的吗,1,该用户希望树莓干有大包装可选，以便囤货。
174620970,美食饮料,每次看直播都很开心，尤其是这场,0,该用户表达了自己对本场直播的愉快体验。
174620970,美食饮料,这款酸奶有无糖的选择吗,1,该用户询问该款酸奶是否有无糖选项。
174620970,美食饮料,这个香肠口味有其他选择吗,1,该用户希望了解香肠的不同口味选项，以便选择适合的口味。
174620970,美食饮料,奶皮有大包装的吗,1,该用户想知道奶皮是否有大包装的选项，以便囤货。
174620970,美食饮料,直播间里有好多朋友，气氛好热闹,0,该用户感叹直播间人气旺盛。
174620970,美食饮料,有售卖辣味的牛肉干吗,1,该用户希望了解是否有辣味牛肉干，满足其口味需求。
174620970,美食饮料,这款水果干会有单独的小包吗,1,该用户希望了解水果干是否有小包装可选。
174620970,美食饮料,我已经下单了，等着快递过来了,0,该用户分享自己已完成购买，期待商品到货。
174620970,美食饮料,有无糖草莓酱吗,1,该用户询问是否有无糖草莓酱产品可供选择。
174620970,美食饮料,真希望每次直播都有这么好的互动,0,该用户表示希望每次直播的互动都这么有趣。
174620970,美食饮料,这款牛肉干会补货吗,1,该用户是在询问直播间是否会补货该款牛肉干，表现出潜在购买意图。
174620970,美食饮料,快到年底了，准备开始囤货了吗,0,该用户询问大家是否已经开始囤积年货。
174620970,美食饮料,手撕鸡胸肉会有赠品吗,1,该用户希望知道购买手撕鸡胸肉是否有赠品。
174620970,美食饮料,有没有适合带去旅行的小包装零食,1,该用户希望了解是否有适合旅行携带的小包装零食。
174620970,美食饮料,今天有很多新产品上线，太多选择了,0,该用户在感叹今天的直播商品丰富多样。
174620970,美食饮料,今天真的好开心，看了很多有趣的互动,0,该用户在表达对直播间互动的喜爱。
174620970,美食饮料,树莓口味的奶酪有售吗,1,该用户询问是否有树莓口味的奶酪出售。
174620970,美食饮料,牛板筋的口味是固定的吗,1,该用户询问牛板筋的口味是否会发生变化。
174620970,美食饮料,有没有迷你版的奶脆包装,1,该用户询问是否有小包装的奶脆产品。
174620970,美食饮料,今天的直播真不错,0,该用户对当前的直播内容表示满意。
174620970,美食饮料,这个可以在冰箱保存吗,1,该用户询问该产品是否需要冷藏保存。
174620970,美食饮料,白桃味的酸奶什么时候补货,1,该用户询问白桃味酸奶何时补货。
174620970,美食饮料,树莓干有大包的吗,1,该用户希望树莓干有大包装可选，以便囤货。
174620970,美食饮料,有不同果仁的组合包吗,1,该用户询问是否有多种果仁组合的包装可选。
174620970,美食饮料,这款香辣牛肉干会有小包装吗,1,该用户询问香辣牛肉干是否有小包装可供购买。
174620970,美食饮料,看完直播，我已经迫不及待下单了,0,该用户表示观看直播后对商品产生了强烈购买欲望。
174620970,美食饮料,今天我也来跟大家互动一下了,0,该用户表示自己参与了直播间的互动。
174620970,美食饮料,这个奶皮看起来很好吃，有没有人试过,0,该用户在询问其他观众是否试过奶皮，表现出兴趣。
174620970,美食饮料,高苦咖啡是瓶装还是袋装的,1,该用户询问高苦咖啡的包装方式，以便决定购买方式。
174620970,美食饮料,这款酸奶有无糖的选择吗,1,该用户询问该款酸奶是否有无糖选项。
174620970,美食饮料,奶皮可以作为低卡零食食用吗,1,该用户想知道奶皮是否适合做低卡零食。
174620970,美食饮料,有无糖草莓酱吗,1,该用户询问是否有无糖草莓酱产品可供选择。
174620970,美食饮料,这款牛肉干会补货吗,1,该用户是在询问直播间是否会补货该款牛肉干，表现出潜在购买意图。
174620970,美食饮料,树莓的酸奶什么时候补货,1,该用户询问树莓口味的酸奶何时补货。
174620970,美食饮料,奶皮的保质期是多久,1,该用户在询问奶皮的保质期，以便决定购买量。
174620970,美食饮料,树莓口味的奶酪有售吗,1,该用户询问是否有树莓口味的奶酪出售。
174620970,美食饮料,树莓的酸奶什么时候补货,1,该用户询问树莓口味的酸奶何时补货。
174620970,美食饮料,树莓干有大包的吗,1,该用户希望树莓干有大包装可选，以便囤货。
174620970,美食饮料,今天真的是看得停不下来，忍不住也买了一些,0,该用户分享自己因直播内容而产生的购买欲望。
174620970,美食饮料,这个香肠口味有其他选择吗,1,该用户希望了解香肠的不同口味选项，以便选择适合的口味。
174620970,美食饮料,每次看直播都觉得好有意思,0,该用户在分享自己每次观看直播时的感受。
174620970,美食饮料,牛板筋的口味是固定的吗,1,该用户询问牛板筋的口味是否会发生变化。
174620970,美食饮料,有无糖奶酪吗,1,该用户在询问是否有无糖版本的奶酪，表现出对特定产品需求的关注。
174620970,美食饮料,这个口味有团购吗,1,该用户询问是否有团购活动，表现出购买倾向。
174620970,美食饮料,今天的直播你们都看了吗,0,该用户在询问大家是否都看了这场直播，想了解别人的感受。
174620970,美食饮料,牛蹄筋有其他口味的吗,1,该用户想知道牛蹄筋是否有其他口味的选项。
174620970,美食饮料,这个产品是低卡的吗,1,该用户在询问该产品是否低卡，表示对健康饮食的关注。
174620970,美食饮料,牛板筋的口味是固定的吗,1,该用户询问牛板筋的口味是否会发生变化。
174620970,美食饮料,树莓干有大包的吗,1,该用户希望树莓干有大包装可选，以便囤货。
174620970,美食饮料,这款酸奶有无糖的选择吗,1,该用户询问该款酸奶是否有无糖选项。
174620970,美食饮料,今天真的好开心，看了很多有趣的互动,0,该用户在表达对直播间互动的喜爱。
174620970,美食饮料,咖啡味的零食真好吃，不知道大家试过没有,0,该用户分享自己对咖啡零食的喜爱并询问其他人。
174620970,美食饮料,有没有辣味的坚果,1,该用户询问是否有辣味口味的坚果。
174620970,美食饮料,有没有适合儿童的零食,1,该用户询问是否有适合儿童食用的零食。
174620970,美食饮料,树莓口味的奶酪有售吗,1,该用户询问是否有树莓口味的奶酪出售。
174620970,美食饮料,这款牛肉干会补货吗,1,该用户是在询问直播间是否会补货该款牛肉干，表现出潜在购买意图。
174620970,美食饮料,树莓干有大包的吗,1,该用户希望树莓干有大包装可选，以便囤货。
174620970,美食饮料,这个口味有团购吗,1,该用户询问是否有团购优惠，表现出购买倾向。
174620970,美食饮料,每次看直播都很开心，尤其是这场,0,该用户表达了自己对本场直播的愉快体验。
174620970,美食饮料,有没有适合带去旅行的小包装零食,1,该用户希望了解是否有适合旅行携带的小包装零食。
174620970,美食饮料,今天有很多新产品上线，太多选择了,0,该用户在感叹今天的直播商品丰富多样。
174620970,美食饮料,我已经下单了，等着快递过来了,0,该用户分享自己已完成购买，期待商品到货。
174620970,美食饮料,今天真的好开心，看了很多有趣的互动,0,该用户在表达对直播间互动的喜爱。
174620970,美食饮料,牛板筋的口味是固定的吗,1,该用户询问牛板筋的口味是否会发生变化。
174620970,美食饮料,手撕鸡胸肉会有赠品吗,1,该用户希望知道购买手撕鸡胸肉是否有赠品。
174620970,美食饮料,有无糖奶酪吗,1,该用户在询问是否有无糖版本的奶酪，表现出对特定产品需求的关注。
174620970,美食饮料,这款牛肉干会补货吗,1,该用户是在询问直播间是否会补货该款牛肉干，表现出潜在购买意图。
174620970,美食饮料,今天直播的产品看起来都很好吃,0,该用户在赞赏直播中展示的美食产品。
174620970,美食饮料,有售卖辣味的牛肉干吗,1,该用户希望了解是否有辣味牛肉干，满足其口味需求。
174620970,美食饮料,树莓干有大包的吗,1,该用户希望树莓干有大包装可选，以便囤货。
174620970,美食饮料,今天晚上打算去哪里吃饭呀,0,该用户询问大家今晚的用餐计划。
174620970,美食饮料,树莓口味的奶酪有售吗,1,该用户询问是否有树莓口味的奶酪出售。
174620970,美食饮料,这款酸奶有无糖的选择吗,1,该用户询问该款酸奶是否有无糖选项。
174620970,美食饮料,有无糖草莓酱吗,1,该用户询问是否有无糖草莓酱产品可供选择。
174620970,美食饮料,奶脆有多种口味吗,1,该用户希望了解奶脆是否有不同的口味可选。
74620970,美食饮料,这款奶油口味的冰淇淋补货了吗,1,该用户在询问奶油口味冰淇淋是否已补货，表现出对该产品的购买兴趣。